first_name,second_name,web_name,id,team,total_points,dreamteam_count,element_type,in_dreamteam,now_cost,points_per_game,minutes,goals_scored,assists,clean_sheets,goals_conceded,own_goals,penalties_saved,penalties_missed,yellow_cards,red_cards,saves,bonus,bps,influence,creativity,threat,ict_index
Mesut,Özil,Özil,1,1,0,0,3,False,67,0.0,0,0,0,0,0,0,0,0,0,0,0,0,0,0.0,0.0,0.0,0.0
Sokratis,Papastathopoulos,Sokratis,2,1,0,0,2,False,48,0.0,0,0,0,0,0,0,0,0,0,0,0,0,0,0.0,0.0,0.0,0.0
David,Luiz Moreira Marinho,David Luiz,3,1,41,0,2,False,54,2.0,1396,1,0,3,20,0,0,0,1,1,0,0,230,250.6,46.7,144.0,43.9
Pierre-Emerick,Aubameyang,Aubameyang,4,1,128,3,3,False,113,4.6,2252,10,3,9,26,1,0,0,2,0,0,11,351,489.8,325.2,802.0,161.3
Cédric,Soares,Cédric,5,1,28,0,2,False,46,2.8,744,0,1,2,11,0,0,0,1,0,0,3,125,110.8,114.8,66.0,29.2
Alexandre,Lacazette,Lacazette,6,1,128,4,4,False,84,4.3,1905,13,3,7,21,0,0,0,3,0,0,21,451,601.8,306.6,797.0,170.3
Shkodran,Mustafi,Mustafi,7,1,3,0,2,False,50,1.0,45,0,0,0,1,0,0,0,0,0,0,0,16,11.6,1.0,0.0,1.3
Bernd,Leno,Leno,8,1,124,2,1,False,50,3.6,3041,0,0,10,37,1,1,0,0,1,85,10,598,693.4,0.0,2.0,69.4
Granit,Xhaka,Xhaka,9,1,67,0,3,False,52,2.2,2429,1,2,9,27,0,0,0,7,1,0,1,378,433.8,291.6,132.0,86.0
Pablo,Marí,Marí,10,1,34,0,2,False,44,3.4,900,0,0,4,8,0,0,0,2,0,0,1,182,163.2,26.4,16.0,20.6
Héctor,Bellerín,Bellerín,11,1,94,3,2,False,50,3.8,2089,1,3,7,24,0,0,0,8,0,0,17,421,362.8,351.8,232.0,94.7
Calum,Chambers,Chambers,13,1,25,0,2,False,45,2.8,661,0,2,1,10,0,0,0,0,0,0,1,131,140.4,139.1,69.0,34.9
Sead,Kolasinac,Kolasinac,14,1,2,0,2,False,48,2.0,90,0,0,0,1,0,0,0,0,0,0,0,9,3.6,5.4,4.0,1.3
Rob,Holding,Holding,16,1,98,1,2,False,43,3.4,2467,0,1,10,26,1,0,0,2,0,0,9,509,584.6,74.8,97.0,75.8
Kieran,Tierney,Tierney,17,1,90,1,2,False,52,3.5,2209,1,4,7,27,0,0,0,4,0,0,4,467,444.6,486.0,195.0,112.7
Nicolas,Pépé,Pépé,18,1,98,1,3,False,76,3.5,1516,8,3,3,21,0,0,0,1,1,0,8,301,407.4,230.2,721.0,135.7
Lucas,Torreira,Torreira,19,1,0,0,3,False,47,0.0,0,0,0,0,0,0,0,0,0,0,0,0,0,0.0,0.0,0.0,0.0
Reiss,Nelson,Nelson,21,1,2,0,3,False,51,1.0,70,0,0,0,0,0,0,0,0,0,0,0,2,4.2,9.7,10.0,2.4
Edward,Nketiah,Nketiah,22,1,36,0,4,False,53,2.1,411,2,1,1,6,0,0,0,0,0,0,5,120,116.6,97.3,211.0,42.1
Emile,Smith Rowe,Smith Rowe,23,1,71,1,3,False,42,3.7,1365,2,5,8,10,0,0,0,0,0,0,3,295,258.2,336.8,214.0,81.0
Bukayo,Saka,Saka,24,1,113,2,3,False,51,3.6,2538,5,5,8,31,1,0,0,1,0,0,8,414,493.0,649.8,978.0,212.2
Matteo,Guendouzi,Guendouzi,25,1,0,0,3,False,47,0.0,0,0,0,0,0,0,0,0,0,0,0,0,0,0.0,0.0,0.0,0.0
Gabriel Teodoro,Martinelli Silva,Martinelli,26,1,35,0,3,False,49,2.7,578,2,1,4,3,0,0,0,0,0,0,0,104,141.6,133.7,292.0,56.6
William,Saliba,Saliba,27,1,0,0,2,False,40,0.0,0,0,0,0,0,0,0,0,0,0,0,0,0,0.0,0.0,0.0,0.0
Mathew,Ryan,Ryan,70,1,37,0,1,False,41,2.6,1260,0,0,3,21,0,0,0,1,0,24,0,216,193.6,10.7,2.0,20.6
Willian,Borges Da Silva,Willian,478,1,78,1,3,False,75,3.1,1398,1,7,3,17,0,0,0,0,0,0,9,306,256.2,534.8,228.0,102.3
Gabriel,Magalhães,Gabriel,494,1,72,1,2,False,49,3.3,1906,2,0,5,24,0,0,0,2,1,0,7,364,454.8,49.5,229.0,73.3
Daniel,Ceballos Fernández,Ceballos,501,1,62,0,3,False,47,2.5,1609,0,4,6,17,0,0,0,4,0,0,7,331,359.8,422.3,141.0,92.4
Mohamed Naser,El Sayed Elneny,Elneny,526,1,50,1,3,False,42,2.2,1538,1,0,5,20,0,0,0,3,0,0,3,258,200.2,99.9,79.0,37.8
Matt,Macey,Macey,527,1,0,0,1,False,40,0.0,0,0,0,0,0,0,0,0,0,0,0,0,0,0.0,0.0,0.0,0.0
Rúnar Alex,Rúnarsson,Rúnarsson,547,1,1,0,1,False,44,1.0,15,0,0,0,0,0,0,0,0,0,2,0,8,16.6,0.0,0.0,1.7
Thomas,Partey,Partey,567,1,44,0,3,False,49,1.9,1439,0,2,5,18,0,0,0,5,0,0,0,262,280.6,191.9,107.0,58.2
Martin,Ødegaard,Ødegaard,645,1,34,1,3,False,56,2.6,776,1,1,2,12,0,0,0,0,0,0,3,158,137.0,271.8,147.0,55.5
Miguel,Azeez,Azeez,689,1,0,0,3,False,45,0.0,0,0,0,0,0,0,0,0,0,0,0,0,0,0.0,0.0,0.0,0.0
Emiliano,Martínez,Martínez,12,2,183,2,1,True,54,4.9,3330,0,0,15,45,0,1,0,0,0,136,27,807,1025.6,20.0,0.0,104.3
Tom,Heaton,Heaton,28,2,0,0,1,False,45,0.0,0,0,0,0,0,0,0,0,0,0,0,0,0,0.0,0.0,0.0,0.0
Ahmed,El Mohamady,El Mohamady,29,2,33,1,2,False,42,2.4,833,0,0,3,9,0,0,0,2,0,0,4,190,170.4,201.8,65.0,43.9
Henri,Lansbury,Lansbury,30,2,0,0,3,False,43,0.0,0,0,0,0,0,0,0,0,0,0,0,0,0,0.0,0.0,0.0,0.0
Neil,Taylor,Taylor,31,2,-1,0,2,False,42,-1.0,15,0,0,0,2,0,0,0,1,0,0,0,1,0.8,0.7,0.0,0.2
Jed,Steer,Steer,32,2,0,0,1,False,39,0.0,0,0,0,0,0,0,0,0,0,0,0,0,0,0.0,0.0,0.0,0.0
Conor,Hourihane,Hourihane,33,2,20,1,3,False,59,5.0,225,1,1,2,2,0,0,0,0,0,0,3,70,65.4,82.9,33.0,18.2
José Ignacio,Peleteiro Romallo,Jota,34,2,0,0,3,False,59,0.0,0,0,0,0,0,0,0,0,0,0,0,0,0,0.0,0.0,0.0,0.0
Ørjan,Nyland,Nyland,35,2,0,0,1,False,40,0.0,0,0,0,0,0,0,0,0,0,0,0,0,0,0.0,0.0,0.0,0.0
Bjorn,Engels,Engels,36,2,0,0,2,False,44,0.0,0,0,0,0,0,0,0,0,0,0,0,0,0,0.0,0.0,0.0,0.0
Jack,Grealish,Grealish,37,2,133,2,3,False,75,5.3,2093,6,12,12,27,0,0,0,6,0,0,13,520,700.2,1013.0,905.0,261.7
John,McGinn,McGinn,38,2,113,0,3,False,55,3.1,3240,3,7,14,45,0,0,0,11,0,0,2,486,572.6,589.9,360.0,152.3
Kortney,Hause,Hause,39,2,30,1,2,False,44,5.0,540,1,0,3,5,0,0,0,2,0,0,3,109,121.0,2.2,57.0,18.1
Mahmoud Ahmed,Ibrahim Hassan,Trézéguet,40,2,56,1,3,False,52,2.7,1157,2,1,6,14,0,0,0,0,0,0,3,152,213.6,180.1,478.0,86.7
Tyrone,Mings,Mings,41,2,126,2,2,False,54,3.6,3104,2,2,14,41,1,0,0,4,1,0,8,616,772.0,97.3,293.0,116.7
Matt,Targett,Targett,42,2,133,2,2,False,50,3.6,3314,0,3,16,43,0,0,0,7,0,0,9,693,657.4,595.8,122.0,137.8
James,Bree,Bree,43,2,0,0,2,False,45,0.0,0,0,0,0,0,0,0,0,0,0,0,0,0,0.0,0.0,0.0,0.0
Marvelous,Nakamba,Nakamba,44,2,26,0,3,False,43,2.2,657,0,1,4,5,0,0,0,2,0,0,1,106,87.8,32.2,10.0,13.1
Anwar,El Ghazi,El Ghazi,45,2,102,2,3,False,52,3.8,1526,9,0,5,21,0,0,0,2,0,0,11,313,468.0,423.9,703.0,159.3
Ezri,Konsa Ngoyo,Konsa,46,2,117,1,2,False,47,3.3,3105,2,0,12,45,0,0,0,3,0,0,8,570,679.2,33.9,274.0,99.1
Frédéric,Guilbert,Guilbert,47,2,0,0,2,False,43,0.0,0,0,0,0,0,0,0,0,0,0,0,0,0,0.0,0.0,0.0,0.0
Wesley,Moraes,Wesley,48,2,3,0,4,False,60,1.0,15,0,0,0,1,0,0,0,0,0,0,0,11,5.0,1.1,17.0,2.3
Mbwana,Samatta,Samatta,49,2,0,0,4,False,59,0.0,0,0,0,0,0,0,0,0,0,0,0,0,0,0.0,0.0,0.0,0.0
Keinan,Davis,Davis,50,2,23,0,4,False,42,1.5,265,1,1,1,1,0,0,0,0,0,0,0,85,77.2,76.7,169.0,31.7
Indiana,Vassilev,Vassilev,51,2,0,0,4,False,43,0.0,0,0,0,0,0,0,0,0,0,0,0,0,0,0.0,0.0,0.0,0.0
Douglas Luiz,Soares de Paulo,Douglas Luiz,52,2,72,0,3,False,48,2.2,2781,0,2,12,41,0,0,0,8,1,0,0,358,403.4,304.5,189.0,90.0
Ross,Barkley,Barkley,106,2,76,1,3,False,58,2.9,1566,3,2,8,24,0,0,0,0,0,0,4,286,274.2,579.3,431.0,128.6
Matthew,Cash,Cash,496,2,89,1,2,False,50,3.2,2373,0,2,11,35,0,0,0,6,1,0,8,468,520.8,352.9,110.0,98.7
Ollie,Watkins,Watkins,514,2,166,3,4,False,64,4.6,3238,14,9,14,45,0,0,1,2,1,0,18,526,809.6,598.2,1717.0,311.8
Bertrand,Traoré,Traoré,540,2,122,1,3,False,58,3.5,2243,6,6,11,30,0,0,0,1,0,0,4,376,491.8,529.9,874.0,189.6
Jacob,Ramsey,Ramsey,554,2,27,0,3,False,45,1.3,600,0,0,2,10,0,0,0,0,0,0,0,73,71.8,91.7,126.0,28.8
Morgan,Sanson,Sanson,647,2,10,0,3,False,55,1.1,288,0,0,1,4,0,0,0,3,0,0,0,29,25.8,28.8,10.0,6.2
Kaine,Hayden,Hayden,671,2,0,0,3,False,45,0.0,0,0,0,0,0,0,0,0,0,0,0,0,0,0.0,0.0,0.0,0.0
Carney,Chukwuemeka,Chukwuemeka,672,2,1,0,3,False,45,1.0,1,0,0,0,0,0,0,0,0,0,0,0,3,0.0,0.8,3.0,0.3
Jaden,Philogene-Bidace,Philogene-Bidace,683,2,1,0,3,False,44,1.0,1,0,0,0,0,0,0,0,0,0,0,0,2,0.0,0.5,0.0,0.1
Glenn,Murray,Murray,53,3,0,0,4,False,48,0.0,0,0,0,0,0,0,0,0,0,0,0,0,0,0.0,0.0,0.0,0.0
Adam,Lallana,Lallana,54,3,57,0,3,False,62,2.0,1539,1,1,5,16,0,0,0,0,0,0,2,256,249.4,353.9,300.0,90.0
Pascal,Groß,Groß,57,3,114,0,3,False,58,3.5,2389,3,8,10,26,0,0,1,3,0,0,11,513,615.2,1084.2,415.0,211.4
Shane,Duffy,Duffy,58,3,0,0,2,False,43,0.0,0,0,0,0,0,0,0,0,0,0,0,0,0,0.0,0.0,0.0,0.0
Davy,Pröpper,Pröpper,59,3,9,0,3,False,47,1.3,209,0,0,0,2,0,0,0,0,0,0,0,38,24.0,5.1,52.0,8.2
Aaron,Mooy,Mooy,60,3,0,0,3,False,50,0.0,0,0,0,0,0,0,0,0,0,0,0,0,0,0.0,0.0,0.0,0.0
Dan,Burn,Burn,61,3,63,0,2,False,42,2.4,1967,1,0,6,26,1,0,0,5,0,0,1,314,375.4,181.0,214.0,76.6
Lewis,Dunk,Dunk,62,3,129,3,2,False,48,4.0,2842,5,0,11,38,1,0,0,5,2,0,17,611,696.4,135.5,442.0,127.6
Martín,Montoya,Montoya,63,3,0,0,2,False,45,0.0,0,0,0,0,0,0,0,0,0,0,0,0,0,0.0,0.0,0.0,0.0
Florin,Andone,Andone,64,3,0,0,4,False,48,0.0,0,0,0,0,0,0,0,0,0,0,0,0,0,0.0,0.0,0.0,0.0
Solomon,March,March,65,3,69,1,3,False,49,3.3,1670,2,2,7,25,0,0,0,0,0,0,6,283,368.6,414.3,322.0,110.5
Adam,Webster,Webster,66,3,84,0,2,False,43,3.0,2504,1,0,9,33,0,0,0,4,0,0,0,456,489.0,95.3,244.0,82.8
Joël,Veltman,Veltman,67,3,96,2,2,False,43,3.4,2280,1,1,9,27,0,0,0,3,0,0,10,432,484.4,366.0,169.0,102.1
Neal,Maupay,Maupay,68,3,105,1,4,False,59,3.2,2508,8,2,10,34,0,0,1,1,1,0,12,334,442.2,443.2,1103.0,198.5
Leandro,Trossard,Trossard,69,3,131,5,3,False,55,3.9,2557,5,6,12,30,0,0,0,2,0,0,15,404,543.4,724.3,759.0,202.8
Alireza,Jahanbakhsh,Jahanbakhsh,71,3,23,0,3,False,54,1.1,475,0,1,1,9,0,0,0,3,0,0,0,96,68.8,150.8,217.0,43.5
José,Izquierdo,Izquierdo,72,3,1,0,3,False,55,1.0,8,0,0,0,0,0,0,0,0,0,0,0,2,3.2,1.3,7.0,1.2
Matthew,Clarke,Clarke,73,3,0,0,2,False,44,0.0,0,0,0,0,0,0,0,0,0,0,0,0,0,0.0,0.0,0.0,0.0
Ben,White,White,74,3,103,1,2,False,45,2.9,3102,0,0,12,42,0,0,0,3,1,0,5,553,469.0,150.0,153.0,77.5
Bernardo,Fernandes da Silva Junior,Bernardo,75,3,5,0,2,False,39,1.7,205,0,0,0,3,0,0,0,0,0,0,0,30,27.2,32.4,69.0,12.8
Yves,Bissouma,Bissouma,76,3,75,0,3,False,44,2.1,3022,1,0,11,40,0,0,0,8,1,0,2,469,505.6,293.1,195.0,99.0
Tariq,Lamptey,Lamptey,77,3,35,0,2,False,46,3.2,887,1,3,2,15,0,0,0,2,1,0,2,156,147.8,162.9,156.0,46.7
Aaron,Connolly,Connolly,78,3,37,0,4,False,52,2.3,738,2,1,1,15,0,0,0,0,0,0,2,92,103.0,63.3,297.0,46.0
Steven,Alzate,Alzate,79,3,34,1,3,False,41,2.4,868,1,0,5,17,0,0,0,2,0,0,3,139,132.0,154.0,88.0,37.5
Alexis,Mac Allister,Mac Allister,80,3,46,0,3,False,53,2.3,1043,1,1,5,12,0,0,0,1,0,0,3,144,169.8,207.3,235.0,61.1
Christian,Walton,Walton,503,3,0,0,1,False,40,0.0,0,0,0,0,0,0,0,0,0,0,0,0,0,0.0,0.0,0.0,0.0
Jason,Steele,Steele,528,3,0,0,1,False,39,0.0,0,0,0,0,0,0,0,0,0,0,0,0,0,0.0,0.0,0.0,0.0
Jayson,Molumby,Molumby,550,3,1,0,3,False,45,1.0,1,0,0,0,0,0,0,0,0,0,0,0,3,0.0,0.0,0.0,0.0
Andi,Zeqiri,Zeqiri,574,3,9,0,4,False,50,1.0,164,0,0,0,2,0,0,0,0,0,0,0,25,16.0,18.8,107.0,14.2
Danny,Welbeck,Welbeck,588,3,89,2,4,False,55,3.7,1541,6,4,6,18,0,0,1,0,0,0,15,286,319.8,269.7,595.0,117.7
Robert,Sánchez,Sánchez,597,3,99,3,1,False,45,3.8,2340,0,0,10,25,0,0,0,2,0,63,8,494,523.0,10.0,4.0,53.9
Percy,Tau,Tau,627,3,7,0,3,False,49,2.3,101,0,1,0,2,0,0,0,0,0,0,0,31,26.8,35.8,6.0,6.9
Jakub,Moder,Moder,628,3,19,0,3,False,50,1.7,553,0,0,2,8,0,0,0,0,0,0,0,49,54.6,58.6,135.0,24.8
Reda,Khadra,Khadra,630,3,1,0,3,False,45,1.0,4,0,0,0,0,0,0,0,0,0,0,0,3,0.0,0.0,2.0,0.2
Teddy,Jenks,Jenks,631,3,0,0,3,False,45,0.0,0,0,0,0,0,0,0,0,0,0,0,0,0,0.0,0.0,0.0,0.0
Max,Sanders,Sanders,632,3,0,0,3,False,45,0.0,0,0,0,0,0,0,0,0,0,0,0,0,0,0.0,0.0,0.0,0.0
Jensen,Weir,Weir,633,3,0,0,3,False,45,0.0,0,0,0,0,0,0,0,0,0,0,0,0,0,0.0,0.0,0.0,0.0
Thomas,McGill,McGill,662,3,0,0,1,False,39,0.0,0,0,0,0,0,0,0,0,0,0,0,0,0,0.0,0.0,0.0,0.0
Michal,Karbownik,Karbownik,663,3,0,0,2,False,45,0.0,0,0,0,0,0,0,0,0,0,0,0,0,0,0.0,0.0,0.0,0.0
Moisés,Caicedo,Caicedo,664,3,0,0,3,False,50,0.0,0,0,0,0,0,0,0,0,0,0,0,0,0,0.0,0.0,0.0,0.0
Dale,Stephens,Stephens,55,4,8,0,3,False,42,1.1,257,0,0,0,4,0,0,0,1,0,0,0,33,31.0,8.3,41.0,8.0
James,Tarkowski,Tarkowski,81,4,107,1,2,False,53,3.1,3150,1,0,11,49,0,0,0,6,0,0,9,522,759.2,147.1,339.0,125.1
Phil,Bardsley,Bardsley,82,4,2,0,2,False,44,0.5,273,0,0,0,8,0,0,0,2,0,0,0,28,39.4,12.9,6.0,5.9
Erik,Pieters,Pieters,83,4,50,0,2,False,43,2.5,1260,0,3,3,19,1,0,0,1,0,0,5,203,199.4,77.0,63.0,34.0
Jack,Cork,Cork,84,4,31,0,3,False,50,2.1,1260,0,0,4,23,0,0,0,2,0,0,0,138,128.0,101.3,76.0,30.6
Kevin,Long,Long,85,4,14,0,2,False,43,1.8,636,0,0,1,13,0,0,0,2,0,0,1,85,102.6,12.0,25.0,14.0
Jay,Rodriguez,Rodriguez,86,4,53,1,4,False,57,1.8,1228,1,3,4,25,0,0,0,3,0,0,2,121,149.6,97.2,415.0,65.5
Ashley,Barnes,Barnes,87,4,51,0,4,False,60,2.4,1323,3,0,6,19,0,0,0,4,0,0,7,104,153.8,243.6,548.0,93.8
Ben,Mee,Mee,88,4,102,1,2,False,47,3.4,2693,2,0,10,41,0,0,0,3,0,0,7,500,691.0,71.6,312.0,107.9
Ashley,Westwood,Westwood,89,4,110,1,3,False,53,3.0,3320,3,4,11,54,0,0,0,7,0,0,5,572,546.2,781.7,156.0,148.6
Johann Berg,Gudmundsson,Gudmundsson,90,4,48,0,3,False,54,2.3,1270,2,0,3,23,0,0,0,2,0,0,3,165,178.6,157.3,161.0,49.5
Chris,Wood,Wood,91,4,136,1,4,False,65,4.2,2651,12,3,9,42,0,0,0,0,0,0,16,391,595.2,321.6,1085.0,199.4
Matthew,Lowton,Lowton,92,4,101,1,2,False,44,3.1,2970,1,1,10,46,0,0,0,5,0,0,6,535,542.4,377.5,125.0,104.6
Matej,Vydra,Vydra,93,4,61,0,4,False,48,2.3,1314,3,2,3,24,0,0,0,0,0,0,2,191,197.4,193.2,479.0,86.0
Ben,Gibson,Gibson,94,4,0,0,2,False,39,0.0,0,0,0,0,0,0,0,0,0,0,0,0,0,0.0,0.0,0.0,0.0
Robbie,Brady,Brady,95,4,44,0,3,False,50,2.3,1047,1,1,7,6,0,0,0,3,0,0,3,157,174.2,133.9,168.0,47.2
Nick,Pope,Pope,96,4,144,2,1,False,55,4.5,2880,0,0,11,37,0,0,0,1,0,114,20,652,846.6,20.0,2.0,86.8
Charlie,Taylor,Taylor,97,4,81,0,2,False,44,2.9,2335,0,2,8,41,0,0,0,1,0,0,5,433,468.2,245.4,52.0,76.6
Josh,Brownhill,Brownhill,98,4,73,0,3,False,49,2.3,2767,0,1,10,41,0,0,0,2,0,0,0,352,347.2,297.6,380.0,102.6
Bailey,Peacock-Farrell,Peacock-Farrell,99,4,3,0,1,False,40,0.8,360,0,0,0,14,0,0,0,0,0,10,0,49,82.6,0.0,0.0,8.2
Dwight,McNeil,McNeil,100,4,111,2,3,False,57,3.2,2999,2,5,11,49,0,0,0,1,0,0,8,486,573.6,769.0,251.0,159.7
Jimmy,Dunne,Dunne,519,4,8,0,2,False,38,4.0,180,1,0,0,5,0,0,0,0,0,0,0,35,66.2,21.2,38.0,12.6
Bobby,Thomas,Thomas,520,4,0,0,2,False,39,0.0,0,0,0,0,0,0,0,0,0,0,0,0,0,0.0,0.0,0.0,0.0
Josh,Benson,Benson,535,4,10,0,3,False,44,1.7,260,0,0,1,7,0,0,0,0,0,0,0,27,16.0,7.9,13.0,3.7
Anthony,Driscoll-Glennon,Driscoll-Glennon,536,4,0,0,2,False,39,0.0,0,0,0,0,0,0,0,0,0,0,0,0,0,0.0,0.0,0.0,0.0
Mace,Goodridge,Goodridge,551,4,0,0,3,False,45,0.0,0,0,0,0,0,0,0,0,0,0,0,0,0,0.0,0.0,0.0,0.0
Will,Norris,Norris,583,4,1,0,1,False,40,1.0,90,0,0,0,3,0,0,0,0,0,0,0,7,4.6,10.0,0.0,1.5
Max,Thompson,Thompson,591,4,0,0,4,False,45,0.0,0,0,0,0,0,0,0,0,0,0,0,0,0,0.0,0.0,0.0,0.0
Lewis,Richardson,Richardson,592,4,2,0,4,False,45,1.0,3,0,0,0,0,0,0,0,0,0,0,0,5,0.0,0.0,0.0,0.0
Anthony,Mancini,Mancini,612,4,0,0,3,False,44,0.0,0,0,0,0,0,0,0,0,0,0,0,0,0,0.0,0.0,0.0,0.0
Joel,Mumbongo,Mumbongo,613,4,3,0,4,False,45,0.8,37,0,0,0,1,0,0,0,1,0,0,0,5,0.0,1.8,0.0,0.1
Richard,Nartey,Nartey,658,4,0,0,2,False,40,0.0,0,0,0,0,0,0,0,0,0,0,0,0,0,0.0,0.0,0.0,0.0
Willy,Caballero,Caballero,101,5,1,0,1,False,46,1.0,90,0,0,0,3,0,0,0,0,0,0,0,7,4.2,0.0,0.0,0.4
César,Azpilicueta,Azpilicueta,102,5,115,1,2,False,58,4.6,2099,1,2,13,18,0,0,0,5,0,0,12,510,488.4,374.8,149.0,101.2
Olivier,Giroud,Giroud,103,5,47,1,4,False,67,2.8,740,4,0,4,5,0,0,0,1,0,0,6,139,161.4,112.0,403.0,67.2
Marcos,Alonso,Alonso,104,5,57,1,2,False,56,4.4,958,2,1,5,13,0,0,0,2,0,0,5,225,224.2,204.1,328.0,75.6
Jorge Luiz,Frello Filho,Jorginho,105,5,114,5,3,False,47,4.2,1947,7,2,14,15,0,0,2,1,0,0,15,479,584.0,352.8,175.0,111.3
Mateo,Kovacic,Kovacic,107,5,53,0,3,False,53,2.0,1744,0,1,9,24,0,0,0,3,0,0,0,329,331.6,379.1,144.0,85.4
Antonio,Rüdiger,Rüdiger,109,5,92,1,2,False,47,5.1,1620,1,0,11,8,1,0,0,0,0,0,9,414,360.2,81.8,199.0,64.2
Kurt,Zouma,Zouma,110,5,108,4,2,False,53,4.5,2027,5,0,9,25,0,0,0,3,0,0,6,481,577.8,72.6,339.0,99.0
Emerson,Palmieri dos Santos,Emerson,111,5,7,0,2,False,47,3.5,88,0,0,1,0,0,0,0,0,0,0,0,24,17.4,7.7,2.0,2.7
Kepa,Arrizabalaga,Arrizabalaga,112,5,26,0,1,False,47,4.3,540,0,0,2,7,0,0,0,0,0,16,5,117,113.4,0.0,0.0,11.3
N'Golo,Kanté,Kanté,113,5,62,0,3,False,49,2.1,2140,0,2,10,24,0,0,0,7,0,0,0,375,449.0,347.3,96.0,89.7
Hakim,Ziyech,Ziyech,114,5,69,2,3,False,79,3.1,1134,2,3,10,7,0,0,0,3,0,0,8,232,270.0,462.8,359.0,109.0
Andreas,Christensen,Christensen,116,5,61,1,2,False,47,3.6,1371,0,0,8,17,0,0,0,2,1,0,9,323,293.4,80.9,34.0,40.9
Timo,Werner,Werner,117,5,127,2,4,False,92,3.7,2508,6,12,13,27,0,0,0,1,0,0,7,386,506.6,490.2,1246.0,224.5
Tammy,Abraham,Abraham,118,5,69,1,4,False,71,3.1,1031,6,2,5,12,0,0,0,0,0,0,8,224,277.2,121.6,483.0,86.6
Christian,Pulisic,Pulisic,119,5,77,1,3,False,83,3.0,1641,4,2,7,19,0,0,0,2,0,0,3,247,337.4,355.2,695.0,138.5
Mason,Mount,Mount,120,5,145,2,3,False,73,4.1,2797,6,7,14,30,0,0,0,2,0,0,16,594,761.6,1299.7,892.0,295.5
Fikayo,Tomori,Tomori,121,5,0,0,2,False,47,0.0,45,0,0,0,2,0,0,0,0,0,0,0,8,26.6,0.1,0.0,2.7
Callum,Hudson-Odoi,Hudson-Odoi,122,5,59,0,3,False,57,2.6,1050,2,3,6,5,0,0,0,0,0,0,2,239,291.8,471.5,336.0,109.9
Reece,James,James,123,5,111,2,2,False,51,3.6,2277,1,3,9,27,0,0,0,3,0,0,15,553,507.4,680.3,399.0,159.1
Billy,Gilmour,Gilmour,124,5,8,0,3,False,43,1.6,259,0,0,1,2,0,0,0,0,0,0,0,38,36.0,50.9,8.0,9.5
Benjamin,Chilwell,Chilwell,232,5,131,2,2,False,59,5.0,2196,2,6,12,21,0,0,0,3,0,0,10,524,485.8,485.5,321.0,128.8
Thiago,Thiago,Thiago Silva,490,5,91,2,2,False,56,4.1,1845,2,0,10,23,0,0,0,3,1,0,10,463,515.0,73.4,223.0,81.1
Kai,Havertz,Havertz,500,5,90,1,3,False,83,3.5,1488,4,6,8,15,0,0,0,2,0,0,3,275,325.0,306.0,476.0,110.3
Edouard,Mendy,Mendy,548,5,139,0,1,False,52,4.6,2700,0,0,16,24,0,1,0,2,0,56,8,607,461.6,0.0,0.0,46.3
Karlo,Ziger,Ziger,593,5,0,0,1,False,40,0.0,0,0,0,0,0,0,0,0,0,0,0,0,0,0.0,0.0,0.0,0.0
Faustino,Anjorin,Anjorin,605,5,0,0,3,False,45,0.0,0,0,0,0,0,0,0,0,0,0,0,0,0,0.0,0.0,0.0,0.0
Valentino,Livramento,Livramento,698,5,0,0,2,False,40,0.0,0,0,0,0,0,0,0,0,0,0,0,0,0,0.0,0.0,0.0,0.0
Michy,Batshuayi,Batshuayi,108,6,41,0,4,False,57,2.3,717,2,2,2,15,0,0,0,0,0,0,2,113,132.8,113.5,210.0,45.5
Gary,Cahill,Cahill,125,6,52,1,2,False,45,2.7,1710,1,1,4,37,0,0,0,3,0,0,6,303,393.8,90.0,140.0,62.7
Wayne,Hennessey,Hennessey,126,6,0,0,1,False,43,0.0,0,0,0,0,0,0,0,0,0,0,0,0,0,0.0,0.0,0.0,0.0
Mamadou,Sakho,Sakho,127,6,4,0,2,False,44,1.0,275,0,0,0,8,0,0,0,0,0,0,0,33,36.6,1.6,6.0,4.5
Vicente,Guaita,Guaita,128,6,122,4,1,False,48,3.4,3240,0,0,8,62,0,1,0,2,0,104,15,622,792.2,0.0,0.0,79.5
James,Tomkins,Tomkins,129,6,17,0,2,False,44,2.4,494,0,0,2,11,0,0,0,1,0,0,2,91,92.0,11.4,29.0,13.2
James,McArthur,McArthur,130,6,45,0,3,False,52,2.5,1465,0,2,4,26,0,0,0,3,0,0,3,228,285.2,202.2,65.0,55.2
James,McCarthy,McCarthy,131,6,24,0,3,False,43,1.6,729,0,0,2,13,0,0,0,1,0,0,0,119,103.4,76.1,10.0,18.9
Christian,Benteke,Benteke,132,6,106,3,4,False,55,3.5,1808,10,2,5,34,0,0,0,1,1,0,14,338,512.6,236.5,1030.0,177.7
Cheikhou,Kouyaté,Kouyaté,133,6,80,0,3,False,48,2.3,3033,1,0,8,54,0,0,0,4,0,0,2,431,560.4,101.7,134.0,79.7
Joel,Ward,Ward,134,6,65,1,2,False,43,2.6,2165,0,1,7,41,0,0,0,5,0,0,6,342,353.6,117.6,28.0,49.9
Martin,Kelly,Kelly,135,6,0,0,2,False,41,0.0,0,0,0,0,0,0,0,0,0,0,0,0,0,0.0,0.0,0.0,0.0
Connor,Wickham,Wickham,136,6,0,0,4,False,44,0.0,0,0,0,0,0,0,0,0,0,0,0,0,0,0.0,0.0,0.0,0.0
Andros,Townsend,Townsend,137,6,92,0,3,False,55,2.8,2160,1,5,7,35,0,0,0,0,0,0,8,369,494.6,676.0,296.0,147.1
Luka,Milivojevic,Milivojevic,138,6,63,1,3,False,56,2.0,2357,1,1,7,47,0,0,1,8,1,0,3,332,410.8,329.6,143.0,88.4
Patrick,van Aanholt,van Aanholt,139,6,53,0,2,False,54,2.5,1773,0,2,4,36,0,0,0,2,0,0,5,308,296.6,195.2,198.0,68.9
Jordan,Ayew,Ayew,140,6,69,0,4,False,56,2.2,1996,1,4,6,40,0,0,0,3,0,0,2,209,271.8,236.0,451.0,95.7
Wilfried,Zaha,Zaha,141,6,134,3,3,False,72,4.6,2522,11,4,6,50,0,0,0,6,0,0,11,358,567.4,428.2,980.0,197.5
Jeffrey,Schlupp,Schlupp,142,6,64,1,3,False,53,2.5,1383,2,3,5,25,0,0,0,3,0,0,3,190,328.6,242.0,304.0,87.4
Max,Meyer,Meyer,143,6,0,0,3,False,47,0.0,0,0,0,0,0,0,0,0,0,0,0,0,0,0.0,0.0,0.0,0.0
Jairo,Riedewald,Riedewald,144,6,63,1,3,False,44,2.0,1720,2,0,4,37,0,0,0,3,0,0,4,244,269.2,149.1,86.0,50.6
Nathan,Ferguson,Ferguson,145,6,0,0,2,False,38,0.0,0,0,0,0,0,0,0,0,0,0,0,0,0,0.0,0.0,0.0,0.0
Tyrick,Mitchell,Mitchell,146,6,57,2,2,False,38,3.2,1620,1,2,4,30,0,0,0,1,0,0,5,273,366.0,76.2,60.0,50.3
Brandon,Pierrick,Pierrick,147,6,0,0,3,False,43,0.0,0,0,0,0,0,0,0,0,0,0,0,0,0,0.0,0.0,0.0,0.0
Scott,Dann,Dann,486,6,39,0,2,False,42,2.6,1350,1,1,2,24,0,0,0,1,0,0,1,233,284.6,17.0,99.0,40.3
Eberechi,Eze,Eze,489,6,125,4,3,False,59,3.7,2555,4,8,6,51,0,0,0,3,0,0,17,470,516.2,653.1,383.0,155.4
Sam,Woods,Woods,522,6,0,0,2,False,40,0.0,0,0,0,0,0,0,0,0,0,0,0,0,0,0.0,0.0,0.0,0.0
Ryan,Inniss,Inniss,534,6,0,0,2,False,40,0.0,0,0,0,0,0,0,0,0,0,0,0,0,0,0.0,0.0,0.0,0.0
Nathaniel,Clyne,Clyne,577,6,28,0,2,False,45,2.2,1145,0,1,2,22,0,0,0,2,0,0,0,172,150.8,84.3,34.0,27.2
Stephen,Henderson,Henderson,578,6,0,0,1,False,40,0.0,0,0,0,0,0,0,0,0,0,0,0,0,0,0.0,0.0,0.0,0.0
Jack,Butland,Butland,586,6,2,0,1,False,45,2.0,90,0,0,0,2,0,0,0,0,0,3,0,14,16.6,0.0,0.0,1.7
Jean-Philippe,Mateta,Mateta,641,6,15,0,4,False,53,2.1,215,1,0,0,4,0,0,0,0,0,0,2,45,46.6,16.2,80.0,14.0
Reece,Hannam,Hannam,675,6,0,0,2,False,40,0.0,0,0,0,0,0,0,0,0,0,0,0,0,0,0.0,0.0,0.0,0.0
Jesurun,Rak-Sakyi,Rak-Sakyi,688,6,0,0,3,False,45,0.0,0,0,0,0,0,0,0,0,0,0,0,0,0,0.0,0.0,0.0,0.0
Fabian,Delph,Delph,149,7,8,0,3,False,48,1.0,260,0,0,0,6,0,0,0,1,0,0,0,48,37.0,29.8,1.0,6.8
Gylfi,Sigurdsson,Sigurdsson,150,7,123,3,3,False,69,3.5,2186,6,5,10,26,0,0,0,2,0,0,13,449,524.2,633.8,481.0,164.2
Jonas,Lössl,Lössl,151,7,0,0,1,False,43,0.0,0,0,0,0,0,0,0,0,0,0,0,0,0,0.0,0.0,0.0,0.0
Seamus,Coleman,Coleman,152,7,81,1,2,False,49,3.2,1607,0,3,8,19,0,0,0,0,0,0,4,371,322.6,268.2,189.0,78.0
Cenk,Tosun,Tosun,153,7,4,0,4,False,60,0.8,44,0,0,0,3,0,0,0,1,0,0,0,12,2.2,11.6,4.0,1.8
Bernard,Anício Caldeira Duarte,Bernard,154,7,20,0,3,False,57,1.8,416,1,0,2,5,0,0,0,2,0,0,1,74,102.8,141.9,80.0,32.4
Lucas,Digne,Digne,155,7,120,2,2,False,62,4.1,2591,0,9,9,37,0,0,0,2,1,0,18,580,581.8,702.9,135.0,142.2
Michael,Keane,Keane,156,7,127,3,2,False,50,3.7,2899,3,1,11,38,0,0,0,4,0,0,13,638,797.2,87.5,239.0,112.4
Jordan,Pickford,Pickford,157,7,112,2,1,False,48,3.7,2652,0,0,10,34,0,0,0,1,0,83,8,549,646.6,10.1,0.0,65.7
André Filipe,Tavares Gomes,André Gomes,158,7,48,0,3,False,53,1.7,1559,0,1,5,22,0,0,0,3,0,0,0,224,189.0,244.5,103.0,53.0
Alex,Iwobi,Iwobi,159,7,64,1,3,False,59,2.2,1497,1,3,5,19,0,0,0,0,0,0,1,253,261.8,262.1,233.0,75.8
Jonjoe,Kenny,Kenny,160,7,5,0,2,False,43,1.2,78,0,0,0,1,0,0,0,0,0,0,0,19,11.0,8.1,8.0,2.8
Jean-Philippe,Gbamin,Gbamin,161,7,1,0,3,False,50,1.0,11,0,0,0,1,0,0,0,0,0,0,0,1,3.8,0.9,0.0,0.5
Yerry,Mina,Mina,162,7,79,1,2,False,55,3.3,1936,2,0,6,22,0,0,0,2,0,0,7,399,496.2,23.5,200.0,72.3
Tom,Davies,Davies,163,7,45,0,3,False,52,1.9,1327,0,1,5,18,0,0,0,3,0,0,1,200,199.6,107.2,30.0,33.6
Dominic,Calvert-Lewin,Calvert-Lewin,164,7,163,3,4,False,76,5.1,2781,16,6,11,34,0,0,0,3,0,0,21,523,740.0,302.2,1420.0,245.9
Mason,Holgate,Holgate,165,7,81,1,2,False,48,3.0,2196,1,0,9,27,0,0,0,8,0,0,4,412,417.0,115.2,80.0,61.5
Richarlison,de Andrade,Richarlison,166,7,122,1,4,False,78,3.7,2785,7,6,11,33,0,0,0,3,1,0,18,411,576.4,359.2,1097.0,203.2
João,Virgínia,Virgínia,167,7,2,0,1,False,43,2.0,47,0,0,0,0,0,0,0,0,0,3,0,10,25.0,0.0,0.0,2.5
Anthony,Gordon,Gordon,168,7,3,0,3,False,43,1.0,87,0,0,0,0,0,0,0,0,0,0,0,11,14.4,12.7,4.0,3.1
Moise,Kean,Kean,169,7,2,0,4,False,57,1.0,13,0,0,0,0,0,0,0,0,0,0,0,1,0.0,1.3,11.0,0.9
Jarrad,Branthwaite,Branthwaite,170,7,0,0,2,False,39,0.0,0,0,0,0,0,0,0,0,0,0,0,0,0,0.0,0.0,0.0,0.0
Allan,Marques Loureiro,Allan,502,7,45,0,3,False,52,2.0,1960,0,0,7,25,0,0,0,6,0,0,0,275,351.4,220.7,42.0,61.6
James,Rodríguez,Rodríguez,508,7,101,1,3,False,77,4.4,1763,6,5,5,27,0,0,0,4,0,0,11,432,499.2,585.6,399.0,148.7
Abdoulaye,Doucouré,Doucouré,512,7,79,2,3,False,51,2.8,2387,2,3,9,33,0,0,0,6,0,0,2,414,427.0,307.9,267.0,100.3
Niels,Nkounkou,Nkounkou,559,7,1,0,2,False,40,1.0,68,0,0,0,1,0,0,0,1,0,0,0,6,13.8,5.3,1.0,2.0
Ben,Godfrey,Godfrey,566,7,100,2,2,False,51,3.3,2593,0,2,11,30,1,0,0,4,0,0,7,525,597.6,84.0,152.0,83.5
Robin,Olsen,Olsen,573,7,25,0,1,False,45,3.6,630,0,0,2,9,0,0,0,1,0,21,3,119,166.4,0.0,0.0,16.7
Ellis,Simms,Simms,596,7,0,0,4,False,45,0.0,0,0,0,0,0,0,0,0,0,0,0,0,0,0.0,0.0,0.0,0.0
Tyler,Onyango,Onyango,644,7,0,0,3,False,45,0.0,0,0,0,0,0,0,0,0,0,0,0,0,0,0.0,0.0,0.0,0.0
Joshua,King,King,651,7,11,0,4,False,50,1.0,138,0,0,0,2,0,0,0,0,0,0,0,18,13.4,5.6,31.0,5.0
Kyle,John,John,679,7,0,0,2,False,40,0.0,0,0,0,0,0,0,0,0,0,0,0,0,0,0.0,0.0,0.0,0.0
Nathan,Broadhead,Broadhead,680,7,1,0,3,False,45,1.0,2,0,0,0,0,0,0,0,0,0,0,0,5,2.0,0.0,0.0,0.2
Ryan,Astley,Astley,681,7,0,0,2,False,40,0.0,0,0,0,0,0,0,0,0,0,0,0,0,0,0.0,0.0,0.0,0.0
Harry,Tyrer,Tyrer,682,7,0,0,1,False,40,0.0,0,0,0,0,0,0,0,0,0,0,0,0,0,0.0,0.0,0.0,0.0
Reece,Welch,Welch,690,7,0,0,2,False,40,0.0,0,0,0,0,0,0,0,0,0,0,0,0,0,0.0,0.0,0.0,0.0
Isaac,Price,Price,691,7,0,0,3,False,45,0.0,0,0,0,0,0,0,0,0,0,0,0,0,0,0.0,0.0,0.0,0.0
Ruben,Loftus-Cheek,Loftus-Cheek,115,8,65,0,3,False,59,2.2,1917,1,0,11,21,0,0,0,3,0,0,0,174,194.4,261.7,433.0,88.8
Fabricio,Agosto Ramírez,Fabri,171,8,0,0,1,False,39,0.0,0,0,0,0,0,0,0,0,0,0,0,0,0,0.0,0.0,0.0,0.0
Kevin,McDonald,McDonald,172,8,0,0,3,False,47,0.0,0,0,0,0,0,0,0,0,0,0,0,0,0,0.0,0.0,0.0,0.0
Maxime,Le Marchand,Le Marchand,173,8,1,0,2,False,41,0.5,122,0,0,0,1,0,0,0,2,0,0,0,12,12.6,1.6,1.0,1.6
Stefan,Johansen,Johansen,174,8,0,0,3,False,47,0.0,0,0,0,0,0,0,0,0,0,0,0,0,0,0.0,0.0,0.0,0.0
Tom,Cairney,Cairney,175,8,27,0,3,False,52,2.7,758,1,1,1,15,0,0,0,2,0,0,2,160,170.6,278.3,124.0,57.3
Tim,Ream,Ream,176,8,9,0,2,False,42,1.5,540,0,0,0,11,0,0,0,0,0,0,0,91,99.2,4.8,2.0,10.7
Anthony,Knockaert,Knockaert,177,8,0,0,3,False,50,0.0,0,0,0,0,0,0,0,0,0,0,0,0,0,0.0,0.0,0.0,0.0
Michael,Hector,Hector,178,8,0,0,2,False,41,0.0,262,0,0,0,10,0,0,0,2,0,0,0,32,40.8,11.3,18.0,6.9
Cyrus,Christie,Christie,179,8,0,0,2,False,42,0.0,0,0,0,0,0,0,0,0,0,0,0,0,0,0.0,0.0,0.0,0.0
Neeskens,Kebano,Kebano,180,8,6,0,3,False,47,1.2,116,0,0,0,3,0,0,0,0,0,0,0,13,1.4,14.6,47.0,5.9
Bobby,Decordova-Reid,Decordova-Reid,181,8,86,1,4,False,53,2.7,2277,5,3,9,30,0,0,0,7,0,0,6,335,378.8,245.6,501.0,112.4
Joe,Bryan,Bryan,182,8,25,1,2,False,45,1.7,588,1,1,0,16,0,0,0,2,0,0,2,120,133.4,81.2,73.0,28.7
Marcus,Bettinelli,Bettinelli,183,8,0,0,1,False,43,0.0,0,0,0,0,0,0,0,0,0,0,0,0,0,0.0,0.0,0.0,0.0
Aleksandar,Mitrović,Mitrović,184,8,63,0,4,False,55,2.3,1389,3,3,1,24,0,0,1,3,0,0,7,178,245.6,323.8,697.0,124.9
Alfie,Mawson,Mawson,185,8,0,0,2,False,43,0.0,0,0,0,0,0,0,0,0,0,0,0,0,0,0.0,0.0,0.0,0.0
Marek,Rodák,Rodák,186,8,1,0,1,False,43,1.0,90,0,0,0,3,0,0,0,0,0,2,0,11,18.2,0.0,0.0,1.8
Ivan Ricardo,Neves Abreu Cavaleiro,Cavaleiro,187,8,83,1,3,False,53,2.4,2375,3,0,7,41,0,0,1,2,0,0,4,252,340.6,622.3,509.0,147.3
Josh,Onomah,Onomah,188,8,11,0,3,False,46,1.1,279,0,0,0,10,0,0,0,1,0,0,0,33,24.6,24.4,39.0,8.6
Jean Michaël,Seri,Seri,189,8,0,0,3,False,46,0.0,0,0,0,0,0,0,0,0,0,0,0,0,0,0.0,0.0,0.0,0.0
Aboubakar,Kamara,Kamara,190,8,8,0,3,False,48,0.7,307,0,0,0,9,0,0,0,1,1,0,0,14,22.6,76.8,39.0,13.2
André-Frank,Zambo Anguissa,Anguissa,191,8,75,0,3,False,44,2.1,2536,0,3,6,39,0,0,0,6,0,0,4,381,505.6,404.4,308.0,122.0
Zeze Steven,Sessegnon,Sessegnon,192,8,0,0,2,False,43,0.0,0,0,0,0,0,0,0,0,0,0,0,0,0,0.0,0.0,0.0,0.0
Harrison,Reed,Reed,373,8,69,0,3,False,44,2.2,2243,0,3,9,35,0,0,0,5,0,0,0,391,421.2,330.4,82.0,83.5
Antonee,Robinson,Robinson,484,8,57,0,2,False,44,2.0,2159,0,0,5,28,0,0,0,4,1,0,1,393,451.4,475.8,178.0,110.8
Mario,Lemina,Lemina,493,8,55,0,3,False,45,2.0,1696,1,1,3,27,0,0,0,5,0,0,3,267,294.0,169.5,134.0,59.9
Alphonse,Areola,Areola,516,8,124,1,1,False,45,3.4,3240,0,0,9,48,0,0,0,2,0,116,9,637,876.2,0.0,0.0,87.4
Kenny,Tete,Tete,517,8,50,1,2,False,43,2.4,1387,0,1,5,25,0,0,0,2,0,0,3,278,318.0,304.1,88.0,71.1
Denis,Odoi,Odoi,525,8,1,0,2,False,42,0.3,270,0,0,0,10,0,0,0,1,0,0,0,34,35.4,20.8,8.0,6.4
Ademola,Lookman,Lookman,557,8,105,1,3,False,47,3.2,2683,4,4,10,32,0,0,1,5,0,0,8,358,510.0,859.7,918.0,228.8
Ola,Aina,Aina,562,8,102,2,2,False,43,3.3,2664,2,1,8,36,0,0,0,3,0,0,8,477,483.6,248.8,144.0,87.7
Joachim,Andersen,Andersen,571,8,93,2,2,False,45,3.0,2729,1,1,9,36,0,0,0,6,1,0,7,501,582.8,109.3,151.0,84.5
Tosin,Adarabioyo,Adarabioyo,572,8,99,1,2,False,45,3.1,2863,0,1,9,39,1,0,0,1,0,0,11,554,648.6,59.2,223.0,93.5
Terence,Kongolo,Kongolo,585,8,2,0,2,False,43,2.0,90,0,0,0,1,0,0,0,0,0,0,0,15,16.8,4.7,2.0,2.4
Josh,Maja,Maja,665,8,39,1,4,False,51,2.8,778,3,0,5,8,0,0,0,0,0,0,5,122,138.0,91.4,308.0,53.6
Fabio,Carvalho,Carvalho,695,8,10,0,3,False,45,3.3,164,1,0,0,4,0,0,0,0,0,0,0,33,64.8,15.9,107.0,18.8
Wes,Morgan,Morgan,216,9,3,0,2,False,44,1.0,16,0,0,0,0,0,0,0,0,0,0,0,9,3.0,0.1,0.0,0.3
Kasper,Schmeichel,Schmeichel,217,9,130,3,1,False,54,3.5,3330,0,0,11,46,0,0,0,0,0,87,6,628,764.4,0.0,0.0,76.4
Christian,Fuchs,Fuchs,218,9,24,0,2,False,45,2.7,701,0,0,3,9,0,0,0,4,0,0,2,112,137.0,33.9,22.0,19.2
Jonny,Evans,Evans,219,9,109,2,2,False,56,3.9,2473,2,2,10,31,1,0,0,7,0,0,12,536,532.4,129.0,115.0,77.9
Adrien,Silva,Silva,220,9,0,0,3,False,44,0.0,0,0,0,0,0,0,0,0,0,0,0,0,0,0.0,0.0,0.0,0.0
Marc,Albrighton,Albrighton,221,9,76,1,3,False,52,2.5,1656,1,7,4,20,0,0,0,2,0,0,3,319,399.0,533.5,273.0,120.6
Matty,James,James,222,9,0,0,3,False,43,0.0,0,0,0,0,0,0,0,0,0,0,0,0,0,0.0,0.0,0.0,0.0
Danny,Ward,Ward,223,9,0,0,1,False,43,0.0,0,0,0,0,0,0,0,0,0,0,0,0,0,0.0,0.0,0.0,0.0
Jamie,Vardy,Vardy,224,9,174,6,4,True,102,5.3,2748,13,14,8,40,0,0,1,1,0,0,20,599,747.4,355.0,1244.0,234.8
Dennis,Praet,Praet,225,9,37,0,3,False,52,2.5,714,1,2,3,11,0,0,0,0,0,0,1,129,119.2,132.1,120.0,36.9
Ricardo Domingos,Barbosa Pereira,Pereira,226,9,27,0,2,False,59,1.9,926,0,1,2,16,0,0,0,3,0,0,0,147,180.6,162.0,142.0,48.4
Daniel,Amartey,Amartey,227,9,19,0,2,False,39,1.7,718,1,0,0,12,0,0,0,3,0,0,2,121,155.0,10.9,61.0,22.7
Youri,Tielemans,Tielemans,228,9,131,2,3,False,64,3.5,3266,6,4,11,46,0,0,0,6,0,0,11,615,817.0,732.3,462.0,201.2
Ayoze,Pérez,Pérez,229,9,57,0,3,False,60,2.4,1312,2,1,5,19,0,0,0,2,0,0,2,147,255.2,323.4,482.0,106.0
Demarai,Gray,Gray,230,9,1,0,3,False,51,1.0,18,0,0,0,0,0,0,0,0,0,0,0,3,0.2,1.3,3.0,0.5
James,Maddison,Maddison,231,9,131,3,3,False,72,4.4,2032,8,7,10,27,0,0,0,4,0,0,12,464,581.0,767.6,660.0,200.7
Kelechi,Iheanacho,Iheanacho,233,9,108,3,4,False,62,4.5,1362,12,2,5,19,0,0,1,1,0,0,18,422,534.8,394.6,794.0,172.0
Hamza,Choudhury,Choudhury,234,9,14,0,3,False,46,1.4,311,0,0,2,2,0,0,0,1,0,0,0,59,34.0,13.5,29.0,7.6
Harvey,Barnes,Barnes,235,9,126,2,3,False,66,5.0,1944,9,5,7,25,0,0,0,0,0,0,13,348,556.4,359.0,810.0,172.7
Wilfred,Ndidi,Ndidi,236,9,77,0,3,False,48,3.1,2085,1,4,7,27,0,0,0,6,0,0,11,415,521.2,233.7,78.0,83.3
Filip,Benkovic,Benkovic,237,9,0,0,2,False,43,0.0,0,0,0,0,0,0,0,0,0,0,0,0,0,0.0,0.0,0.0,0.0
Çaglar,Söyüncü,Söyüncü,238,9,59,0,2,False,53,2.7,1726,1,0,5,26,0,0,0,2,0,0,3,344,378.8,113.7,140.0,63.4
James,Justin,Justin,239,9,101,3,2,False,48,4.4,2070,2,2,9,25,0,0,0,4,0,0,13,447,472.2,290.7,195.0,96.0
Luke,Thomas,Thomas,240,9,26,0,2,False,41,2.0,878,1,0,1,14,0,0,0,2,0,0,0,113,146.6,105.4,93.0,34.4
Timothy,Castagne,Castagne,498,9,94,4,2,False,58,3.6,2255,2,4,6,33,0,0,0,1,0,0,7,463,463.8,348.9,181.0,99.3
Nampalys,Mendy,Mendy,518,9,39,0,3,False,42,1.8,1383,0,1,4,21,0,0,0,5,0,0,0,222,142.4,107.1,16.0,26.7
Cengiz,Ünder,Ünder,541,9,16,0,3,False,57,1.8,275,0,2,0,5,0,0,0,0,0,0,0,62,73.4,87.5,88.0,24.9
Wesley,Fofana,Fofana,561,9,70,1,2,False,50,2.6,2240,0,1,7,30,0,0,0,7,0,0,5,460,500.4,107.1,121.0,73.2
Islam,Slimani,Slimani,579,9,1,0,4,False,49,1.0,19,0,0,0,1,0,0,0,0,0,0,0,3,0.2,11.7,6.0,1.8
Vontae,Daley-Campbell,Daley-Campbell,660,9,0,0,2,False,40,0.0,0,0,0,0,0,0,0,0,0,0,0,0,0,0.0,0.0,0.0,0.0
Thakgalo,Leshabela,Leshabela,661,9,1,0,3,False,44,1.0,9,0,0,0,0,0,0,0,0,0,0,0,2,0.6,1.4,0.0,0.2
Sidnei,Tavares,Tavares,676,9,3,0,3,False,44,1.5,84,0,0,0,1,0,0,0,0,0,0,0,10,9.6,1.2,9.0,2.0
Shane,Flynn,Flynn,684,9,0,0,3,False,45,0.0,0,0,0,0,0,0,0,0,0,0,0,0,0,0.0,0.0,0.0,0.0
Thanawat,Suengchitthawon,Suengchitthawon,687,9,0,0,3,False,45,0.0,0,0,0,0,0,0,0,0,0,0,0,0,0,0.0,0.0,0.0,0.0
Tawanda,Maswanhise,Maswanhise,703,9,0,0,3,False,45,0.0,0,0,0,0,0,0,0,0,0,0,0,0,0,0.0,0.0,0.0,0.0
Pablo,Hernández Domínguez,Hernández,193,10,22,0,3,False,57,1.5,345,0,2,0,6,0,0,0,1,0,0,0,84,74.2,84.5,92.0,25.0
Francisco,Casilla Cortés,Casilla,194,10,11,1,1,False,41,5.5,180,0,0,1,1,0,0,0,0,0,4,2,42,32.0,0.0,0.0,3.2
Liam,Cooper,Cooper,195,10,58,0,2,False,43,2.4,2096,1,0,6,40,0,0,0,3,1,0,2,442,605.0,15.5,257.0,87.8
Barry,Douglas,Douglas,196,10,0,0,2,False,38,0.0,0,0,0,0,0,0,0,0,0,0,0,0,0,0.0,0.0,0.0,0.0
Luke,Ayling,Ayling,197,10,98,0,2,False,44,2.6,3309,0,0,12,53,0,0,0,7,0,0,2,652,828.6,418.7,325.0,157.4
Mateusz,Klich,Klich,198,10,99,0,3,False,52,2.8,2386,4,5,8,44,0,0,0,6,0,0,3,407,464.6,661.4,333.0,145.7
Adam,Forshaw,Forshaw,199,10,0,0,3,False,48,0.0,0,0,0,0,0,0,0,0,0,0,0,0,0,0.0,0.0,0.0,0.0
Stuart,Dallas,Dallas,200,10,169,4,2,True,54,4.6,3320,8,3,12,52,0,0,0,7,0,0,15,710,746.2,437.8,515.0,170.3
Ezgjan,Alioski,Alioski,201,10,108,3,2,False,43,3.1,2366,2,3,10,34,0,0,0,7,0,0,7,439,460.8,406.3,281.0,115.1
Patrick,Bamford,Bamford,202,10,188,5,4,True,65,5.1,3007,16,11,10,49,0,0,0,3,0,0,25,606,828.0,360.7,1471.0,265.5
Jack,Harrison,Harrison,203,10,155,4,3,False,55,4.4,2756,8,9,11,44,0,0,0,2,0,0,15,521,753.4,818.8,664.0,224.1
Kalvin,Phillips,Phillips,204,10,61,0,3,False,49,2.2,2338,0,2,9,33,0,0,0,9,0,0,2,379,494.8,526.5,74.0,109.7
Hélder Wander,Sousa de Azevedo e Costa,Costa,205,10,63,1,3,False,50,2.9,1150,3,4,3,23,1,0,0,0,0,0,2,162,224.2,134.3,289.0,64.7
Tyler,Roberts,Roberts,206,10,48,0,3,False,46,1.8,1310,1,2,4,18,0,0,0,3,0,0,0,163,178.6,210.7,287.0,67.7
Jay-Roy,Grot,Grot,207,10,0,0,3,False,47,0.0,0,0,0,0,0,0,0,0,0,0,0,0,0,0.0,0.0,0.0,0.0
Kamil,Miazek,Miazek,208,10,0,0,1,False,40,0.0,0,0,0,0,0,0,0,0,0,0,0,0,0,0.0,0.0,0.0,0.0
Ian Carlo,Poveda-Ocampo,Poveda-Ocampo,209,10,14,0,3,False,42,1.0,344,0,0,0,5,0,0,0,0,0,0,0,43,55.0,71.5,91.0,21.8
Jamie,Shackleton,Shackleton,210,10,17,0,3,False,48,1.3,454,0,0,1,11,0,0,0,0,0,0,0,72,52.0,45.7,18.0,11.4
Pascal,Struijk,Struijk,211,10,70,1,2,False,40,2.7,2051,1,0,7,31,0,0,0,3,0,0,2,397,503.2,55.7,220.0,77.9
Jordan,Stevens,Stevens,212,10,0,0,3,False,43,0.0,0,0,0,0,0,0,0,0,0,0,0,0,0,0.0,0.0,0.0,0.0
Illan,Meslier,Meslier,213,10,154,5,1,False,48,4.4,3150,0,0,11,52,1,1,0,0,0,140,20,774,1026.0,10.0,0.0,103.7
Leif,Davis,Davis,214,10,2,0,2,False,38,1.0,31,0,0,0,0,0,0,0,0,0,0,0,5,2.8,0.6,0.0,0.3
Oliver,Casey,Casey,215,10,0,0,2,False,38,0.0,0,0,0,0,0,0,0,0,0,0,0,0,0,0.0,0.0,0.0,0.0
Robin,Koch,Koch,491,10,38,1,2,False,43,2.2,1130,0,0,4,21,0,0,0,1,0,0,2,220,230.2,52.2,131.0,41.4
Rodrigo,Moreno,Rodrigo,492,10,81,3,4,False,57,3.2,1234,6,4,3,21,0,0,0,3,0,0,13,314,363.4,409.1,576.0,134.7
Elia,Caprile,Caprile,532,10,0,0,1,False,40,0.0,0,0,0,0,0,0,0,0,0,0,0,0,0,0.0,0.0,0.0,0.0
Mateusz,Bogusz,Bogusz,533,10,0,0,3,False,43,0.0,0,0,0,0,0,0,0,0,0,0,0,0,0,0.0,0.0,0.0,0.0
Diego,Llorente,Llorente,549,10,50,1,2,False,44,3.3,1203,1,0,4,12,0,0,0,1,0,0,3,255,293.0,51.0,115.0,46.0
Raphael,Dias Belloli,Raphinha,570,10,128,4,3,False,55,4.4,2268,6,9,9,33,0,0,0,3,0,0,11,465,682.2,829.1,871.0,238.4
Jack,Jenkins,Jenkins,599,10,0,0,3,False,45,0.0,0,0,0,0,0,0,0,0,0,0,0,0,0,0.0,0.0,0.0,0.0
Niall,Huggins,Huggins,619,10,1,0,4,False,45,1.0,37,0,0,0,0,0,0,0,0,0,0,0,4,2.6,0.9,2.0,0.6
Charlie,Cresswell,Cresswell,620,10,0,0,2,False,40,0.0,0,0,0,0,0,0,0,0,0,0,0,0,0,0.0,0.0,0.0,0.0
Joe,Gelhardt,Gelhardt,667,10,0,0,4,False,45,0.0,0,0,0,0,0,0,0,0,0,0,0,0,0,0.0,0.0,0.0,0.0
Gaetano,Berardi,Berardi,685,10,1,0,2,False,40,1.0,45,0,0,0,0,0,0,0,0,0,0,0,5,3.8,0.1,0.0,0.4
Sam,Greenwood,Greenwood,692,10,0,0,4,False,45,0.0,0,0,0,0,0,0,0,0,0,0,0,0,0,0.0,0.0,0.0,0.0
Crysencio,Summerville,Summerville,693,10,0,0,3,False,44,0.0,0,0,0,0,0,0,0,0,0,0,0,0,0,0.0,0.0,0.0,0.0
Cody,Drameh,Drameh,694,10,0,0,2,False,40,0.0,0,0,0,0,0,0,0,0,0,0,0,0,0,0.0,0.0,0.0,0.0
James,Milner,Milner,241,11,44,1,3,False,53,1.8,1044,0,2,4,10,0,0,0,2,0,0,2,201,196.2,241.0,108.0,54.7
Konstantinos,Tsimikas,Tsimikas,242,11,2,0,2,False,49,1.0,6,0,0,0,0,0,0,0,0,0,0,0,5,0.0,0.1,0.0,0.0
Georginio,Wijnaldum,Wijnaldum,243,11,94,0,3,False,53,2.5,2861,2,1,9,39,0,0,0,1,0,0,3,472,354.2,374.2,295.0,102.2
Jordan,Henderson,Henderson,244,11,56,0,3,False,54,2.7,1704,1,2,4,23,0,0,0,0,0,0,2,345,358.0,262.3,108.0,72.9
Adrián,San Miguel del Castillo,Adrián,245,11,11,0,1,False,42,3.7,270,0,0,1,9,0,0,0,0,0,10,2,60,59.6,0.0,0.0,5.9
Joel,Matip,Matip,246,11,42,1,2,False,54,4.2,690,1,2,3,5,0,0,0,2,0,0,5,194,179.0,42.4,84.0,30.6
Xherdan,Shaqiri,Shaqiri,247,11,26,0,3,False,64,1.9,548,0,2,2,7,0,0,0,2,0,0,1,127,95.2,294.2,86.0,47.6
Alex,Oxlade-Chamberlain,Chamberlain,248,11,20,0,3,False,63,1.7,242,1,1,0,6,0,0,0,0,0,0,0,55,70.8,32.9,68.0,17.1
Roberto,Firmino,Firmino,249,11,136,2,4,False,90,3.9,2747,9,7,9,39,0,0,0,2,0,0,15,589,700.6,604.4,1384.0,268.9
Virgil,van Dijk,van Dijk,250,11,15,0,2,False,62,3.0,370,1,0,1,11,0,0,0,1,0,0,1,73,82.4,4.8,66.0,15.3
Sadio,Mané,Mané,251,11,160,2,3,False,117,4.7,2718,9,11,11,28,0,0,0,3,0,0,11,460,727.6,764.7,1473.0,296.7
Alisson,Ramses Becker,Alisson,252,11,132,2,1,False,59,4.1,2880,1,0,9,32,0,1,0,1,0,80,12,633,748.6,0.1,17.0,76.6
Fabio Henrique,Tavares,Fabinho,253,11,68,0,3,False,54,2.3,2476,0,2,10,29,0,0,0,6,0,0,2,408,453.4,104.0,75.0,63.6
Mohamed,Salah,Salah,254,11,225,4,3,True,128,6.2,2987,22,5,10,41,0,0,0,0,0,0,21,650,1033.4,798.3,1868.0,369.6
Andrew,Robertson,Robertson,255,11,153,3,2,True,72,4.1,3294,1,8,11,42,0,0,0,2,0,0,17,803,736.6,1071.0,354.0,216.4
Divock,Origi,Origi,256,11,10,0,4,False,51,1.1,180,0,0,1,0,0,0,0,0,0,0,0,23,17.8,33.2,60.0,11.1
Harry,Wilson,Harry Wilson,257,11,0,0,3,False,51,0.0,0,0,0,0,0,0,0,0,0,0,0,0,0,0.0,0.0,0.0,0.0
Trent,Alexander-Arnold,Alexander-Arnold,259,11,155,4,2,True,77,4.4,2939,2,8,9,40,0,0,0,1,0,0,26,744,785.2,1198.7,524.0,250.7
Joseph,Gomez,Gomez,260,11,10,0,2,False,52,1.4,589,0,0,0,14,0,0,0,0,0,0,0,94,106.8,18.1,0.0,12.5
Naby,Keita,Keita,261,11,15,0,3,False,52,1.5,517,0,0,2,8,0,0,0,1,0,0,0,78,70.6,100.5,119.0,29.0
Curtis,Jones,Jones,263,11,50,0,3,False,44,2.1,1169,1,2,5,14,0,0,0,2,0,0,0,226,224.6,233.4,289.0,74.8
Neco,Williams,Neco Williams,264,11,11,0,2,False,38,1.8,247,0,0,1,1,0,0,0,1,0,0,0,51,42.0,47.8,34.0,12.2
Harvey,Elliott,Elliott,265,11,0,0,3,False,43,0.0,0,0,0,0,0,0,0,0,0,0,0,0,0,0.0,0.0,0.0,0.0
Diogo,Jota,Jota,468,11,85,0,3,False,69,4.7,1105,9,0,4,15,0,0,0,2,0,0,9,225,387.4,188.3,680.0,125.7
Thiago,Alcántara do Nascimento,Thiago,531,11,52,0,3,False,55,2.3,1761,1,0,7,18,0,0,0,4,0,0,1,312,360.8,443.8,176.0,98.2
Caoimhin,Kelleher,Kelleher,560,11,10,1,1,False,45,5.0,180,0,0,1,1,0,0,0,0,0,6,0,41,57.8,0.0,0.0,5.8
Nathaniel,Phillips,Phillips,589,11,62,1,2,False,41,3.9,1365,1,1,6,11,0,0,0,2,0,0,1,302,366.0,90.5,128.0,58.6
Rhys,Williams,Rhys Williams,594,11,22,0,2,False,40,2.8,569,0,0,2,6,0,0,0,0,0,0,1,118,109.2,29.4,32.0,17.1
Leighton,Clarkson,Clarkson,601,11,0,0,3,False,45,0.0,0,0,0,0,0,0,0,0,0,0,0,0,0,0.0,0.0,0.0,0.0
Jake,Cain,Cain,607,11,0,0,3,False,45,0.0,0,0,0,0,0,0,0,0,0,0,0,0,0,0.0,0.0,0.0,0.0
Ozan,Kabak,Kabak,652,11,26,0,2,False,50,2.9,801,0,0,3,9,0,0,0,3,0,0,1,150,131.0,17.2,19.0,16.7
Ben,Davies,Davies,653,11,0,0,2,False,47,0.0,0,0,0,0,0,0,0,0,0,0,0,0,0,0.0,0.0,0.0,0.0
Liam,Hughes,Hughes,677,11,0,0,1,False,40,0.0,0,0,0,0,0,0,0,0,0,0,0,0,0,0.0,0.0,0.0,0.0
Jakub,Ojrzynski,Ojrzynski,678,11,0,0,1,False,40,0.0,0,0,0,0,0,0,0,0,0,0,0,0,0,0.0,0.0,0.0,0.0
Ben,Woodburn,Woodburn,696,11,0,0,3,False,45,0.0,0,0,0,0,0,0,0,0,0,0,0,0,0,0.0,0.0,0.0,0.0
Billy,Koumetio,Koumetio,697,11,0,0,2,False,40,0.0,0,0,0,0,0,0,0,0,0,0,0,0,0,0.0,0.0,0.0,0.0
Fernando,Luiz Rosa,Fernandinho,266,12,50,1,2,False,54,2.5,1092,0,0,6,10,0,0,0,6,0,0,5,246,195.8,173.2,101.0,47.1
Claudio,Bravo,Bravo,267,12,0,0,1,False,45,0.0,0,0,0,0,0,0,0,0,0,0,0,0,0,0.0,0.0,0.0,0.0
Sergio,Agüero,Agüero,268,12,28,0,4,False,103,2.5,529,2,1,4,4,0,0,1,0,0,0,2,102,125.8,99.9,254.0,47.3
Nicolás,Otamendi,Otamendi,269,12,0,0,2,False,49,0.0,0,0,0,0,0,0,0,0,0,0,0,0,0,0.0,0.0,0.0,0.0
Kyle,Walker,Walker,270,12,85,2,2,False,61,3.7,1854,1,1,8,20,0,0,0,1,0,0,7,383,317.0,197.5,88.0,60.2
Ilkay,Gündogan,Gündogan,271,12,157,6,3,False,56,5.6,2025,13,4,12,16,0,0,1,1,0,0,22,620,754.6,688.4,712.0,215.7
Kevin,De Bruyne,De Bruyne,272,12,128,3,3,False,118,5.3,1905,5,11,11,17,0,0,1,1,0,0,17,511,687.2,1077.8,888.0,265.5
John,Stones,Stones,273,12,122,2,2,False,51,5.8,1843,4,0,13,12,0,0,0,0,1,0,11,504,494.0,78.6,186.0,75.7
Benjamin,Mendy,Mendy,274,12,63,3,2,False,59,4.8,951,2,1,5,10,0,0,0,2,0,0,8,222,179.8,117.1,89.0,38.4
Riyad,Mahrez,Mahrez,275,12,139,4,3,False,81,5.3,1881,9,7,10,22,0,0,0,0,0,0,15,482,589.6,665.8,882.0,213.6
Raheem,Sterling,Sterling,276,12,149,1,3,False,110,5.0,2444,10,8,13,23,0,0,1,3,0,0,10,440,638.2,536.5,1319.0,248.3
João Pedro Cavaco,Cancelo,Cancelo,277,12,138,3,2,False,58,4.9,2298,2,4,14,21,0,0,0,5,1,0,18,610,569.8,673.0,394.0,163.7
Ederson,Santana de Moraes,Ederson,278,12,148,1,1,False,61,4.2,3150,0,1,18,28,0,0,0,3,0,63,3,654,538.6,10.0,0.0,54.9
Nathan,Aké,Aké,279,12,29,0,2,False,54,2.9,797,1,0,3,13,0,0,0,4,0,0,1,150,156.0,46.9,44.0,24.7
Aymeric,Laporte,Laporte,280,12,58,0,2,False,60,3.6,1343,0,0,7,10,0,0,0,1,0,0,4,286,233.4,78.0,85.0,39.6
Bernardo Mota,Veiga de Carvalho e Silva,Bernardo Silva,281,12,94,2,3,False,74,3.6,2063,2,7,11,18,0,0,0,5,0,0,9,413,399.6,476.2,463.0,134.1
Gabriel Fernando,de Jesus,Jesus,282,12,109,1,4,False,91,3.9,1983,8,5,10,17,0,0,0,2,0,0,16,416,462.4,440.2,881.0,178.4
Oleksandr,Zinchenko,Zinchenko,283,12,63,1,2,False,55,3.3,1383,0,0,7,14,0,0,0,0,0,0,5,327,262.2,289.9,108.0,66.1
Phil,Foden,Foden,284,12,129,5,3,False,61,4.8,1552,8,8,6,16,0,0,0,0,0,0,17,451,539.4,539.1,699.0,177.7
Tommy,Doyle,Doyle,285,12,0,0,3,False,44,0.0,0,0,0,0,0,0,0,0,0,0,0,0,0,0.0,0.0,0.0,0.0
Rodrigo,Hernandez,Rodrigo,286,12,90,0,3,False,53,2.7,2713,2,2,13,27,0,0,0,6,0,0,5,523,635.6,544.5,331.0,151.3
Ferran,Torres,Torres,287,12,94,1,3,False,70,4.1,1281,7,4,7,13,0,0,0,1,0,0,4,263,349.8,274.1,541.0,116.3
Eric,Garcia,Garcia,288,12,6,0,2,False,47,1.0,380,0,0,0,12,0,0,0,0,0,0,0,64,67.6,26.4,5.0,9.8
Adrián,Bernabé,Bernabé,537,12,0,0,3,False,45,0.0,0,0,0,0,0,0,0,0,0,0,0,0,0,0.0,0.0,0.0,0.0
Zack,Steffen,Steffen,538,12,2,0,1,False,44,2.0,90,0,0,0,1,0,0,0,0,0,1,0,8,9.6,0.0,0.0,1.0
Liam,Delap,Delap,539,12,1,0,4,False,42,1.0,39,0,0,0,4,0,0,0,0,0,0,0,0,0.0,0.3,4.0,0.2
Cole,Palmer,Palmer,552,12,0,0,3,False,44,0.0,0,0,0,0,0,0,0,0,0,0,0,0,0,0.0,0.0,0.0,0.0
Rúben Santos,Gato Alves Dias,Dias,556,12,137,1,2,False,60,4.4,2753,1,1,16,21,1,0,0,3,0,0,12,636,630.2,90.3,199.0,92.2
James,Trafford,Trafford,595,12,0,0,1,False,40,0.0,0,0,0,0,0,0,0,0,0,0,0,0,0,0.0,0.0,0.0,0.0
Scott,Carson,Carson,608,12,7,0,1,False,39,7.0,90,0,0,0,3,0,1,0,0,0,2,1,27,37.4,0.0,0.0,3.7
Felix,Nmecha,Nmecha,609,12,0,0,3,False,45,0.0,0,0,0,0,0,0,0,0,0,0,0,0,0,0.0,0.0,0.0,0.0
Luke,Mbete,Mbete,622,12,0,0,2,False,40,0.0,0,0,0,0,0,0,0,0,0,0,0,0,0,0.0,0.0,0.0,0.0
Taylor,Harwood-Bellis,Harwood-Bellis,623,12,0,0,2,False,40,0.0,0,0,0,0,0,0,0,0,0,0,0,0,0,0.0,0.0,0.0,0.0
Claudio,Gomes,Gomes,659,12,0,0,3,False,45,0.0,0,0,0,0,0,0,0,0,0,0,0,0,0,0.0,0.0,0.0,0.0
Sergio,Romero,Romero,289,13,0,0,1,False,49,0.0,0,0,0,0,0,0,0,0,0,0,0,0,0,0.0,0.0,0.0,0.0
Juan,Mata,Mata,290,13,22,0,3,False,58,2.8,426,0,3,1,5,0,0,0,0,0,0,0,91,69.2,127.1,69.0,26.5
David,de Gea,de Gea,291,13,91,1,1,False,53,3.5,2295,0,0,9,32,0,0,0,0,0,59,4,416,464.2,0.0,0.0,46.4
Chris,Smalling,Smalling,292,13,0,0,2,False,49,0.0,0,0,0,0,0,0,0,0,0,0,0,0,0,0.0,0.0,0.0,0.0
Odion,Ighalo,Ighalo,293,13,1,0,4,False,61,1.0,9,0,0,0,1,0,0,0,0,0,0,0,1,0.0,0.1,2.0,0.2
Marcos,Rojo,Rojo,294,13,0,0,2,False,48,0.0,0,0,0,0,0,0,0,0,0,0,0,0,0,0.0,0.0,0.0,0.0
Nemanja,Matic,Matic,295,13,34,0,3,False,47,1.8,1011,0,1,4,17,0,0,0,2,0,0,0,203,198.2,133.0,78.0,40.9
Paul,Pogba,Pogba,296,13,92,1,3,False,76,3.5,1892,3,6,5,26,0,0,0,3,0,0,11,355,451.4,376.0,401.0,122.5
Phil,Jones,Jones,297,13,0,0,2,False,48,0.0,0,0,0,0,0,0,0,0,0,0,0,0,0,0.0,0.0,0.0,0.0
Harry,Maguire,Maguire,298,13,124,1,2,False,56,3.6,3047,2,2,13,36,0,0,0,11,0,0,8,632,701.4,133.6,428.0,126.3
Frederico,Rodrigues de Paula Santos,Fred,299,13,69,0,3,False,53,2.3,2389,1,0,12,25,0,0,0,5,0,0,1,404,482.6,395.6,200.0,108.0
Luke,Shaw,Shaw,300,13,124,3,2,False,55,3.9,2653,1,5,10,33,1,0,0,8,0,0,22,640,596.0,1085.9,243.0,192.8
Bruno Miguel,Borges Fernandes,Fernandes,302,13,244,9,3,True,114,6.6,3101,18,14,13,36,0,0,1,6,0,0,36,870,1292.6,1414.9,1253.0,396.2
Anthony,Martial,Martial,303,13,75,2,4,False,86,3.4,1477,4,7,4,23,0,0,0,0,1,0,3,238,297.6,265.4,709.0,126.8
Andreas,Pereira,Pereira,304,13,0,0,3,False,48,0.0,0,0,0,0,0,0,0,0,0,0,0,0,0,0.0,0.0,0.0,0.0
Dean,Henderson,Henderson,305,13,42,0,1,False,52,3.5,1035,0,0,4,11,0,0,0,2,0,37,1,207,249.4,0.0,0.0,24.9
Marcus,Rashford,Rashford,306,13,174,3,3,True,96,4.7,2917,11,11,12,39,0,0,0,4,0,0,9,535,793.2,682.1,1127.0,260.3
Axel,Tuanzebe,Tuanzebe,307,13,5,0,2,False,41,0.6,312,0,0,0,7,1,0,0,2,0,0,0,47,67.4,6.0,0.0,7.2
Victor,Lindelöf,Lindelöf,308,13,102,0,2,False,48,3.5,2585,1,1,10,30,0,0,0,0,0,0,3,527,503.0,102.6,56.0,66.4
Scott,McTominay,McTominay,309,13,91,1,3,False,49,2.8,2124,4,2,9,25,0,0,0,3,0,0,4,413,523.2,270.5,314.0,110.9
Eric,Bailly,Bailly,310,13,29,0,2,False,48,2.6,825,0,0,3,16,0,0,0,3,0,0,6,170,162.6,8.0,22.0,19.4
Daniel,James,James,311,13,38,0,3,False,62,2.7,817,3,0,4,6,0,0,0,3,0,0,1,130,158.0,109.9,275.0,54.1
Timothy,Fosu-Mensah,Fosu-Mensah,312,13,0,0,2,False,43,0.0,80,0,0,0,2,0,0,0,1,0,0,0,17,17.8,30.5,16.0,6.4
Aaron,Wan-Bissaka,Wan-Bissaka,313,13,144,2,2,False,58,4.2,3060,2,5,13,36,0,0,0,3,0,0,11,729,785.4,498.2,159.0,144.1
José Diogo,Dalot Teixeira,Dalot,314,13,0,0,2,False,48,0.0,0,0,0,0,0,0,0,0,0,0,0,0,0,0.0,0.0,0.0,0.0
Mason,Greenwood,Greenwood,315,13,106,3,3,False,73,3.4,1813,7,2,7,23,0,0,0,2,0,0,9,318,370.8,278.7,881.0,152.7
Tahith,Chong,Chong,316,13,0,0,3,False,44,0.0,0,0,0,0,0,0,0,0,0,0,0,0,0,0.0,0.0,0.0,0.0
James,Garner,Garner,317,13,0,0,3,False,44,0.0,0,0,0,0,0,0,0,0,0,0,0,0,0,0.0,0.0,0.0,0.0
Brandon,Williams,Williams,318,13,3,0,2,False,42,1.0,97,0,0,0,2,0,0,0,0,0,0,0,18,10.0,16.6,0.0,2.7
Teden,Mengi,Mengi,319,13,0,0,2,False,39,0.0,0,0,0,0,0,0,0,0,0,0,0,0,0,0.0,0.0,0.0,0.0
Donny,van de Beek,van de Beek,495,13,27,0,3,False,66,1.5,421,1,1,0,11,0,0,0,1,0,0,0,109,106.8,55.7,67.0,22.9
Alex Nicolao,Telles,Telles,568,13,23,0,2,False,53,2.9,599,0,2,1,10,0,0,0,0,0,0,3,135,153.2,184.9,32.0,36.9
Edinson,Cavani,Cavani,569,13,99,1,4,False,80,3.8,1364,10,4,4,18,0,0,0,4,0,0,14,367,443.4,203.3,513.0,115.0
Facundo,Pellistri,Pellistri,575,13,0,0,3,False,52,0.0,0,0,0,0,0,0,0,0,0,0,0,0,0,0.0,0.0,0.0,0.0
Lee,Grant,Grant,604,13,0,0,1,False,40,0.0,0,0,0,0,0,0,0,0,0,0,0,0,0,0.0,0.0,0.0,0.0
Amad,Diallo,Diallo,640,13,6,0,3,False,54,3.0,84,0,1,0,2,0,0,0,0,0,0,0,17,25.8,14.2,0.0,4.0
Shola,Shoretire,Shoretire,673,13,1,0,3,False,44,1.0,1,0,0,0,0,0,0,0,0,0,0,0,3,0.2,0.8,0.0,0.1
Nathan,Bishop,Bishop,686,13,0,0,1,False,40,0.0,0,0,0,0,0,0,0,0,0,0,0,0,0,0.0,0.0,0.0,0.0
Anthony,Elanga,Elanga,702,13,2,0,3,False,45,2.0,65,0,0,0,1,0,0,0,0,0,0,0,3,3.8,1.5,0.0,0.5
Joseph,Willock,Willock,20,14,71,1,3,False,48,3.5,1120,7,0,3,18,0,0,1,1,0,0,5,231,392.6,136.2,364.0,89.1
Andy,Carroll,Carroll,320,14,30,0,4,False,51,1.7,380,1,1,1,8,0,0,0,1,0,0,3,78,64.0,37.1,187.0,27.7
Jonjo,Shelvey,Shelvey,321,14,71,0,3,False,53,2.4,2526,1,3,5,46,0,0,0,7,0,0,2,366,455.6,520.4,291.0,126.8
Matt,Ritchie,Ritchie,322,14,43,1,3,False,49,2.5,1257,0,4,2,22,1,0,0,2,0,0,2,199,212.2,391.6,99.0,70.2
Federico,Fernández,Fernández,323,14,47,0,2,False,47,2.0,1990,0,0,4,38,1,0,0,4,0,0,6,356,506.8,91.3,64.0,66.0
Ciaran,Clark,Clark,324,14,46,0,2,False,45,2.1,1890,1,0,3,35,1,0,0,3,0,0,2,291,402.6,29.8,105.0,53.9
Karl,Darlow,Darlow,325,14,80,0,1,False,49,3.2,2250,0,0,4,43,0,1,0,3,0,88,6,450,682.4,0.0,0.0,68.3
Martin,Dubravka,Dubravka,326,14,41,0,1,False,48,3.4,1080,0,0,2,19,0,0,0,0,0,45,5,231,343.0,0.0,0.0,34.2
Florian,Lejeune,Lejeune,327,14,0,0,2,False,43,0.0,0,0,0,0,0,0,0,0,0,0,0,0,0,0.0,0.0,0.0,0.0
Jamaal,Lascelles,Lascelles,328,14,44,0,2,False,42,2.3,1625,2,0,2,32,0,0,0,4,0,0,3,229,345.2,38.1,161.0,54.7
Dwight,Gayle,Gayle,329,14,30,0,4,False,59,1.8,476,1,1,0,9,0,0,0,0,0,0,3,79,79.6,78.4,257.0,40.7
Christian,Atsu,Atsu,330,14,0,0,3,False,52,0.0,0,0,0,0,0,0,0,0,0,0,0,0,0,0.0,0.0,0.0,0.0
Paul,Dummett,Dummett,331,14,32,0,2,False,44,2.3,1164,1,0,2,20,0,0,0,2,0,0,0,179,253.0,57.6,45.0,35.6
Javier,Manquillo,Manquillo,332,14,28,0,2,False,42,2.2,822,0,0,3,15,0,0,0,1,0,0,0,136,109.8,93.5,18.0,22.2
Emil,Krafth,Krafth,333,14,39,0,2,False,42,2.6,1214,1,1,4,27,0,0,0,4,0,0,0,202,227.2,87.3,88.0,40.2
Fabian,Schär,Schär,334,14,23,0,2,False,48,1.4,1238,0,0,2,21,0,0,0,4,1,0,1,145,216.4,9.0,99.0,32.4
DeAndre,Yedlin,Yedlin,335,14,13,0,2,False,43,2.2,435,0,0,1,6,0,0,0,0,0,0,0,68,58.6,41.8,20.0,12.0
Isaac,Hayden,Hayden,336,14,40,0,3,False,46,1.7,1942,0,0,4,33,0,0,0,8,0,0,0,211,278.0,117.7,155.0,55.3
Rolando,Aarons,Aarons,337,14,0,0,3,False,48,0.0,0,0,0,0,0,0,0,0,0,0,0,0,0,0.0,0.0,0.0,0.0
Allan,Saint-Maximin,Saint-Maximin,338,14,82,1,3,False,52,3.4,1490,3,5,6,26,0,0,0,0,0,0,5,277,373.4,380.8,400.0,115.5
Miguel,Almirón,Almirón,339,14,94,1,3,False,56,2.8,2347,4,2,4,48,0,0,0,3,0,0,8,360,449.8,445.0,416.0,131.2
Joelinton Cássio,Apolinário de Lira,Joelinton,340,14,74,1,4,False,57,2.4,1979,4,2,3,36,0,0,0,3,0,0,5,258,357.0,250.1,612.0,122.2
Yoshinori,Muto,Muto,341,14,0,0,4,False,48,0.0,0,0,0,0,0,0,0,0,0,0,0,0,0,0.0,0.0,0.0,0.0
Kelland,Watts,Watts,342,14,0,0,2,False,39,0.0,0,0,0,0,0,0,0,0,0,0,0,0,0,0.0,0.0,0.0,0.0
Sean,Longstaff,Sean Longstaff,480,14,38,0,3,False,46,1.8,1315,0,1,1,26,0,0,0,2,0,0,1,162,159.8,169.9,140.0,46.8
Jeff,Hendrick,Hendrick,485,14,51,1,3,False,45,2.4,1408,2,1,3,24,0,0,0,1,1,0,3,173,204.4,99.0,95.0,39.6
Matthew,Longstaff,Matty Longstaff,487,14,10,0,3,False,48,2.0,376,0,0,1,8,0,0,0,0,0,0,0,47,32.6,35.6,2.0,7.0
Mark,Gillespie,Gillespie,488,14,0,0,1,False,43,0.0,0,0,0,0,0,0,0,0,0,0,0,0,0,0.0,0.0,0.0,0.0
Jacob,Murphy,Murphy,497,14,66,1,3,False,49,2.6,1527,2,3,2,33,0,0,0,3,0,0,7,244,348.4,269.5,285.0,90.2
Callum,Wilson,Wilson,506,14,134,3,4,False,65,5.2,2081,12,6,5,37,0,0,0,2,0,0,22,409,557.4,230.4,761.0,154.7
Ryan,Fraser,Fraser,507,14,39,0,3,False,56,2.2,922,0,4,4,18,0,0,0,0,1,0,0,154,142.8,395.0,165.0,70.1
Jamal,Lewis,Lewis,513,14,44,1,2,False,41,1.8,1833,0,1,3,37,0,0,0,4,0,0,3,261,272.6,224.8,47.0,54.2
Elliot,Anderson,Anderson,602,14,1,0,3,False,45,1.0,3,0,0,0,0,0,0,0,0,0,0,0,3,0.0,0.3,2.0,0.2
Daniel,Langley,Langley,606,14,0,0,1,False,39,0.0,0,0,0,0,0,0,0,0,0,0,0,0,0,0.0,0.0,0.0,0.0
Rhian,Brewster,Brewster,262,15,33,0,4,False,42,1.3,1102,0,0,2,16,0,0,0,1,0,0,0,83,60.6,157.1,248.0,46.0
Billy,Sharp,Sharp,343,15,39,1,4,False,55,2.4,725,3,0,0,15,0,0,0,1,0,0,6,101,121.2,68.1,162.0,34.9
David,McGoldrick,McGoldrick,344,15,91,1,4,False,52,2.7,2301,7,1,8,37,0,0,0,7,0,0,9,311,423.6,306.0,794.0,152.5
Chris,Basham,Basham,345,15,46,0,2,False,46,1.5,2486,0,1,1,51,0,0,0,4,0,0,2,386,498.6,200.5,152.0,85.1
John,Fleck,Fleck,346,15,68,0,3,False,56,2.3,2483,0,3,4,47,0,0,0,3,0,0,1,347,346.2,527.7,152.0,102.7
Enda,Stevens,Stevens,347,15,45,0,2,False,50,1.6,2610,0,0,3,54,0,0,0,6,0,0,0,331,412.6,274.4,190.0,87.7
Simon,Moore,Moore,348,15,0,0,1,False,43,0.0,0,0,0,0,0,0,0,0,0,0,0,0,0,0.0,0.0,0.0,0.0
Oliver,Norwood,Norwood,349,15,51,0,3,False,45,1.6,2124,0,0,4,43,0,0,0,6,0,0,0,339,395.4,464.4,57.0,91.9
Wes,Foderingham,Foderingham,350,15,0,0,1,False,43,0.0,0,0,0,0,0,0,0,0,0,0,0,0,0,0.0,0.0,0.0,0.0
George,Baldock,Baldock,351,15,58,0,2,False,49,1.9,2697,0,2,3,51,0,0,0,6,0,0,2,330,339.0,294.9,228.0,86.3
Jack,Robinson,Jack Robinson,352,15,26,1,2,False,42,2.6,785,0,2,1,11,0,0,0,3,0,0,3,122,132.8,25.5,45.0,20.3
John,Egan,Egan,353,15,51,0,2,False,47,1.7,2538,0,1,3,48,0,0,0,7,1,0,4,385,515.4,50.8,144.0,71.0
Jack,O'Connell,O'Connell,354,15,3,0,2,False,47,1.5,180,0,0,0,3,0,0,0,0,0,0,0,19,40.2,2.5,0.0,4.3
John,Lundstram,Lundstram,355,15,48,0,3,False,48,1.7,2027,0,2,3,41,0,0,1,8,1,0,2,244,245.4,346.9,206.0,79.3
Ben,Osborn,Osborn,356,15,48,0,3,False,47,2.1,1517,1,0,3,29,0,0,0,1,0,0,3,238,256.6,323.4,164.0,74.7
Oliver,McBurnie,McBurnie,357,15,44,0,4,False,56,1.9,1316,1,2,0,27,0,0,0,2,0,0,2,101,182.6,207.8,444.0,83.1
Lys,Mousset,Mousset,359,15,13,0,4,False,58,1.2,287,0,0,0,10,0,0,0,0,0,0,0,14,14.2,35.0,53.0,9.7
Sander,Berge,Berge,360,15,31,0,3,False,49,2.1,1119,1,1,0,23,0,0,0,4,0,0,1,152,178.0,181.7,138.0,49.8
Oliver,Burke,Burke,424,15,46,0,3,False,41,1.8,1260,1,2,1,21,0,0,0,2,0,0,0,114,113.8,191.8,364.0,65.9
Luke,Freeman,Freeman,477,15,0,0,3,False,50,0.0,0,0,0,0,0,0,0,0,0,0,0,0,0,0.0,0.0,0.0,0.0
Aaron,Ramsdale,Ramsdale,483,15,114,2,1,False,46,3.1,3330,0,0,4,63,0,0,0,1,0,143,10,655,1001.0,10.0,4.0,101.5
Ethan,Ampadu,Ampadu,509,15,44,1,2,False,43,1.8,2087,0,0,2,41,1,0,0,3,0,0,4,341,458.0,189.6,51.0,70.1
Jayden,Bogle,Bogle,510,15,39,1,2,False,43,2.4,1107,2,0,2,20,0,0,0,2,0,0,0,151,217.6,72.7,278.0,57.0
Max,Lowe,Lowe,511,15,9,0,2,False,42,1.1,549,0,0,0,10,0,0,0,1,0,0,0,49,99.2,39.8,45.0,18.4
Phil,Jagielka,Jagielka,529,15,4,0,2,False,39,0.4,517,0,0,0,12,1,0,0,1,1,0,0,50,70.4,1.9,2.0,7.5
Michael,Verrips,Verrips,580,15,0,0,1,False,40,0.0,0,0,0,0,0,0,0,0,0,0,0,0,0,0.0,0.0,0.0,0.0
Kean,Bryan,Bryan,603,15,29,0,2,False,39,2.2,1003,1,0,2,17,1,0,0,1,0,0,0,149,220.4,57.5,49.0,32.7
Antwoine,Hackford,Hackford,618,15,1,0,4,False,44,1.0,10,0,0,0,0,0,0,0,0,0,0,0,3,0.0,0.1,18.0,1.8
Kyron,Gordon,Gordon,646,15,0,0,2,False,40,0.0,0,0,0,0,0,0,0,0,0,0,0,0,0,0.0,0.0,0.0,0.0
Iliman,Ndiaye,Ndiaye,656,15,1,0,3,False,45,1.0,11,0,0,0,1,0,0,0,0,0,0,0,5,2.2,0.3,0.0,0.3
Zak,Brunt,Brunt,657,15,0,0,3,False,45,0.0,0,0,0,0,0,0,0,0,0,0,0,0,0,0.0,0.0,0.0,0.0
Frankie,Maguire,Maguire,670,15,0,0,3,False,44,0.0,0,0,0,0,0,0,0,0,0,0,0,0,0,0.0,0.0,0.0,0.0
Daniel,Jebbison,Jebbison,699,15,10,0,4,False,45,3.3,205,1,0,1,2,0,0,0,0,0,0,1,30,51.2,13.4,64.0,12.6
Harry,Boyes,Boyes,704,15,0,0,2,False,40,0.0,0,0,0,0,0,0,0,0,0,0,0,0,0,0.0,0.0,0.0,0.0
Femi,Seriki,Seriki,705,15,1,0,3,False,45,1.0,1,0,0,0,0,0,0,0,0,0,0,0,3,0.0,0.0,0.0,0.0
Theo,Walcott,Walcott,148,16,76,0,3,False,58,3.5,1629,3,4,5,28,0,0,0,0,0,0,2,185,269.8,248.0,366.0,88.0
Takumi,Minamino,Minamino,258,16,46,0,3,False,60,2.6,938,3,0,2,16,0,0,0,1,0,0,2,149,161.8,80.3,254.0,49.5
Shane,Long,Long,361,16,12,0,4,False,51,1.1,201,0,0,1,6,0,0,0,0,0,0,0,21,9.8,6.4,19.0,3.4
Ryan,Bertrand,Bertrand,362,16,78,0,2,False,50,2.7,2598,0,2,8,51,0,0,0,5,0,0,4,404,306.8,271.8,135.0,71.4
Alex,McCarthy,McCarthy,363,16,92,1,1,False,44,3.2,2610,0,0,7,54,0,0,0,2,0,89,8,511,709.8,0.0,0.0,70.9
Oriol,Romeu Vidal,Oriol Romeu,364,16,51,0,3,False,45,2.5,1732,1,1,6,24,0,0,0,6,0,0,4,259,344.6,226.6,98.0,66.9
Nathan,Redmond,Redmond,365,16,65,1,3,False,64,2.3,1637,2,3,1,36,0,0,0,1,0,0,3,225,274.8,320.0,463.0,105.4
Danny,Ings,Ings,366,16,129,1,4,False,84,4.6,2089,12,4,6,38,0,0,0,1,0,0,21,459,634.6,298.0,858.0,177.6
Jack,Stephens,Stephens,367,16,41,1,2,False,46,2.3,1537,0,0,4,39,0,0,0,2,0,0,6,288,351.0,85.6,104.0,54.2
Stuart,Armstrong,Armstrong,368,16,113,1,3,False,55,3.5,2674,4,7,8,53,0,0,0,3,0,0,4,442,536.2,471.9,447.0,145.4
Jannik,Vestergaard,Vestergaard,369,16,85,1,2,False,47,2.9,2484,3,1,6,44,0,0,0,3,1,0,4,486,654.4,101.8,288.0,104.3
James,Ward-Prowse,Ward-Prowse,370,16,154,4,3,False,59,4.2,3330,8,7,9,65,0,0,1,5,0,0,17,759,920.4,927.0,345.0,219.1
Angus,Gunn,Gunn,371,16,0,0,1,False,43,0.0,0,0,0,0,0,0,0,0,0,0,0,0,0,0.0,0.0,0.0,0.0
Sofiane,Boufal,Boufal,372,16,0,0,3,False,54,0.0,0,0,0,0,0,0,0,0,0,0,0,0,0,0.0,0.0,0.0,0.0
Josh,Sims,Sims,374,16,0,0,3,False,43,0.0,0,0,0,0,0,0,0,0,0,0,0,0,0,0.0,0.0,0.0,0.0
Kyle,Walker-Peters,Walker-Peters,375,16,93,1,2,False,47,3.2,2587,0,3,9,39,0,0,0,4,0,0,7,494,487.4,249.3,264.0,100.0
Jan,Bednarek,Bednarek,376,16,94,2,2,False,47,2.7,3010,1,1,9,59,1,0,0,4,1,0,11,575,664.4,74.2,147.0,88.6
Che,Adams,Adams,377,16,137,2,4,False,57,3.8,2662,9,7,7,51,0,0,0,1,0,0,16,443,581.8,488.6,964.0,203.4
Yan,Valery,Valery,378,16,3,0,2,False,47,1.0,101,0,0,0,4,0,0,0,0,0,0,0,12,26.0,22.1,12.0,6.0
William,Smallbone,Smallbone,379,16,5,0,3,False,43,1.7,171,0,0,0,5,0,0,0,0,0,0,0,17,16.8,7.4,9.0,3.3
Jake,Vokins,Vokins,380,16,1,0,2,False,39,1.0,66,0,0,0,2,0,0,0,0,0,0,0,5,1.8,14.8,0.0,1.7
Michael,Obafemi,Obafemi,381,16,3,0,4,False,46,1.0,51,0,0,0,1,0,0,0,0,0,0,0,9,5.6,10.5,4.0,2.0
Moussa,Djenepo,Djenepo,382,16,46,0,3,False,54,1.7,1229,1,2,3,27,0,0,0,5,0,0,0,140,178.0,97.7,170.0,44.1
Mohammed,Salisu,Salisu,479,16,14,0,2,False,43,1.3,751,0,0,0,16,0,0,0,0,0,0,0,104,171.2,28.1,30.0,23.1
Fraser,Forster,Forster,523,16,30,0,1,False,40,3.8,720,0,0,2,11,0,1,0,0,0,20,0,147,191.0,0.0,0.0,19.1
Nathan,Tella,Tella,524,16,35,1,3,False,43,2.1,707,1,2,2,10,0,0,0,2,0,0,2,74,90.0,84.6,184.0,35.7
Ibrahima,Diallo,Diallo,565,16,30,0,3,False,45,1.4,920,0,0,3,19,0,0,0,2,0,0,0,123,115.4,117.5,57.0,28.9
Daniel,N'Lundulu,N'Lundulu,590,16,13,0,4,False,45,1.0,102,0,0,0,1,0,0,0,0,0,0,0,32,3.2,12.2,16.0,3.1
Kayne,Ramsay,Ramsay,598,16,-3,0,2,False,40,-3.0,90,0,0,0,9,0,0,0,1,0,0,0,5,13.2,0.0,0.0,1.3
Kgaogelo,Chauke,Chauke,624,16,0,0,3,False,44,0.0,0,0,0,0,0,0,0,0,0,0,0,0,0,0.0,0.0,0.0,0.0
Harry,Lewis,Lewis,625,16,0,0,1,False,40,0.0,0,0,0,0,0,0,0,0,0,0,0,0,0,0.0,0.0,0.0,0.0
Will,Ferry,Ferry,634,16,0,0,3,False,45,0.0,0,0,0,0,0,0,0,0,0,0,0,0,0,0.0,0.0,0.0,0.0
Allan,Tchaptchet,Tchaptchet,635,16,0,0,2,False,40,0.0,12,0,0,0,3,0,0,0,0,0,0,0,3,0.0,0.0,0.0,0.0
Caleb,Watts,Watts,636,16,2,0,3,False,45,0.7,36,0,0,0,0,0,0,0,1,0,0,0,6,5.4,4.4,0.0,0.9
Alexandre,Jankewitz,Jankewitz,643,16,-1,0,3,False,45,-0.5,2,0,0,0,9,0,0,0,0,1,0,0,-4,4.4,0.3,0.0,0.5
Ryan,Finnigan,Finnigan,655,16,0,0,3,False,45,0.0,0,0,0,0,0,0,0,0,0,0,0,0,0,0.0,0.0,0.0,0.0
Hugo,Lloris,Lloris,383,17,147,0,1,False,56,4.0,3330,0,0,12,43,0,0,0,0,0,110,13,684,839.2,0.0,0.0,83.8
Danny,Rose,Rose,384,17,0,0,2,False,47,0.0,0,0,0,0,0,0,0,0,0,0,0,0,0,0.0,0.0,0.0,0.0
Moussa,Sissoko,Sissoko,385,17,44,0,3,False,47,1.8,1576,0,0,5,22,0,0,0,3,0,0,2,214,182.2,94.5,69.0,34.6
Toby,Alderweireld,Alderweireld,386,17,87,1,2,False,54,3.6,2150,1,0,10,23,1,0,0,2,0,0,4,454,544.0,106.3,144.0,79.6
Erik,Lamela,Lamela,387,17,28,0,3,False,57,1.2,700,1,1,1,17,0,0,0,4,1,0,0,96,115.2,137.1,236.0,48.4
Harry,Kane,Kane,388,17,232,9,4,True,119,6.8,2993,22,13,12,37,0,0,0,1,0,0,39,845,1263.0,646.5,1532.0,343.8
Serge,Aurier,Aurier,389,17,80,1,2,False,52,4.2,1605,2,3,6,22,0,0,0,0,0,0,4,370,412.2,267.6,194.0,87.4
Heung-Min,Son,Son,390,17,223,9,3,True,97,6.2,3029,17,10,13,34,0,0,0,0,0,0,26,758,1043.6,998.5,1001.0,304.7
Eric,Dier,Dier,391,17,77,0,2,False,46,2.8,2520,0,0,8,34,0,0,0,3,0,0,2,463,577.0,82.2,114.0,77.4
Lucas,Rodrigues Moura da Silva,Lucas Moura,392,17,79,1,3,False,65,2.7,1375,3,5,4,18,0,0,0,1,0,0,5,233,319.6,256.3,298.0,87.2
Paulo,Gazzaniga,Gazzaniga,393,17,0,0,1,False,43,0.0,0,0,0,0,0,0,0,0,0,0,0,0,0,0.0,0.0,0.0,0.0
Bamidele,Alli,Alli,394,17,28,0,3,False,74,2.0,546,0,2,3,7,0,0,0,0,0,0,0,97,99.6,129.5,165.0,39.3
Ben,Davies,Davies,395,17,52,0,2,False,45,2.6,1340,0,2,4,16,0,0,0,1,0,0,1,253,232.8,136.8,65.0,43.4
Pierre-Emile,Højbjerg,Højbjerg,396,17,105,1,3,False,49,2.8,3330,2,4,12,43,0,0,0,9,0,0,6,563,715.2,304.0,146.0,116.6
Harry,Winks,Winks,397,17,18,0,3,False,51,1.3,766,0,0,1,14,0,0,0,4,0,0,0,114,114.6,71.8,24.0,20.9
Davinson,Sánchez,Sánchez,398,17,42,0,2,False,52,2.5,1396,0,0,4,20,1,0,0,1,0,0,3,240,301.8,9.9,112.0,42.5
Ryan,Sessegnon,Sessegnon,399,17,0,0,2,False,47,0.0,0,0,0,0,0,0,0,0,0,0,0,0,0,0.0,0.0,0.0,0.0
Steven,Bergwijn,Bergwijn,400,17,54,0,3,False,70,2.7,1135,1,4,5,13,0,0,0,2,0,0,2,125,159.4,186.9,178.0,52.0
Gedson,Carvalho Fernandes,Fernandes,401,17,0,0,3,False,47,0.0,0,0,0,0,0,0,0,0,0,0,0,0,0,0.0,0.0,0.0,0.0
Japhet,Tanganga,Tanganga,402,17,14,0,2,False,49,2.3,487,0,0,2,8,0,0,0,2,0,0,0,81,68.8,29.5,40.0,13.8
Giovani,Lo Celso,Lo Celso,403,17,35,0,3,False,69,1.9,939,1,1,5,10,0,0,0,5,0,0,0,149,169.2,222.8,155.0,54.3
Oliver,Skipp,Skipp,404,17,0,0,3,False,44,0.0,0,0,0,0,0,0,0,0,0,0,0,0,0,0.0,0.0,0.0,0.0
Tanguy,Ndombele,Ndombele,405,17,99,1,3,False,59,3.0,2086,3,3,12,24,0,0,0,3,0,0,7,407,408.0,270.8,281.0,96.2
Juan,Foyth,Foyth,406,17,0,0,2,False,43,0.0,0,0,0,0,0,0,0,0,0,0,0,0,0,0.0,0.0,0.0,0.0
Matt,Doherty,Doherty,457,17,46,1,2,False,56,2.9,1148,0,2,4,13,0,0,0,2,1,0,4,206,230.4,176.1,63.0,47.1
Joe,Hart,Hart,482,17,0,0,1,False,42,0.0,0,0,0,0,0,0,0,0,0,0,0,0,0,0.0,0.0,0.0,0.0
Cameron,Carter-Vickers,Carter-Vickers,521,17,0,0,2,False,39,0.0,0,0,0,0,0,0,0,0,0,0,0,0,0,0.0,0.0,0.0,0.0
Sergio,Reguilón,Reguilón,542,17,88,0,2,False,56,3.4,2154,0,6,8,29,1,0,0,5,0,0,4,402,351.4,296.9,251.0,90.1
Gareth,Bale,Bale,543,17,100,3,3,False,92,5.3,890,9,3,5,12,0,0,0,1,0,0,14,325,479.2,277.5,453.0,120.9
Carlos Vinicius,Alves Morais,Carlos Vinicius,564,17,13,0,4,False,69,1.4,305,1,0,1,2,0,0,0,2,0,0,0,38,52.6,26.9,142.0,22.0
Joe,Rodon,Rodon,584,17,26,1,2,False,49,2.4,731,0,0,2,12,0,0,0,0,0,0,3,164,164.2,3.6,6.0,17.5
Alfie,Devine,Devine,650,17,0,0,3,False,44,0.0,0,0,0,0,0,0,0,0,0,0,0,0,0,0.0,0.0,0.0,0.0
Dane,Scarlett,Scarlett,666,17,1,0,4,False,45,1.0,1,0,0,0,0,0,0,0,0,0,0,0,3,0.0,0.0,0.0,0.0
Ainsley,Maitland-Niles,Maitland-Niles,15,18,67,0,2,False,46,2.7,1632,0,2,6,20,0,0,0,2,0,0,1,258,206.0,106.2,123.0,43.4
David,Button,Button,56,18,2,0,1,False,39,2.0,90,0,0,0,2,0,0,0,0,0,4,0,18,23.4,0.0,0.0,2.3
Callum,Robinson,Callum Robinson,358,18,77,2,4,False,52,2.9,1492,5,3,3,40,0,0,0,0,0,0,8,275,259.0,236.2,342.0,83.0
Kieran,Gibbs,Gibbs,407,18,5,0,2,False,43,0.5,810,0,0,0,25,0,0,0,1,1,0,0,107,132.0,65.1,10.0,20.8
Hal,Robson-Kanu,Robson-Kanu,408,18,22,0,4,False,52,1.2,514,1,0,0,11,0,0,0,2,0,0,0,42,63.0,66.1,123.0,25.0
Jake,Livermore,Livermore,409,18,25,0,3,False,47,1.4,1241,0,0,1,35,1,0,0,2,1,0,0,104,136.8,72.7,53.0,25.9
Kamil,Grosicki,Grosicki,410,18,8,0,3,False,52,2.7,147,0,1,0,5,0,0,0,0,0,0,0,29,22.4,35.2,15.0,7.2
Matt,Phillips,Phillips,411,18,67,0,3,False,51,2.1,1725,2,1,3,39,0,0,0,1,0,0,3,223,280.2,372.5,299.0,95.3
Kyle,Bartley,Bartley,412,18,78,1,2,False,44,2.7,2493,3,1,5,50,0,0,0,4,0,0,3,417,664.6,82.3,248.0,99.5
Romaine,Sawyers,Sawyers,413,18,33,0,3,False,46,1.7,1486,0,0,1,42,1,0,0,2,0,0,0,196,152.4,102.4,13.0,26.7
Ahmed El-Sayed,Hegazy,Hegazi,414,18,6,0,2,False,41,6.0,90,0,0,1,0,0,0,0,0,0,0,0,24,19.6,0.3,0.0,2.0
Charlie,Austin,Austin,415,18,5,0,4,False,51,1.0,135,0,0,0,5,0,0,0,0,0,0,0,10,20.0,3.9,26.0,5.0
Kenneth,Zohore,Zohore,416,18,0,0,4,False,48,0.0,0,0,0,0,0,0,0,0,0,0,0,0,0,0.0,0.0,0.0,0.0
Sam,Johnstone,Johnstone,417,18,137,3,1,False,46,3.8,3240,0,1,6,71,0,1,0,1,0,160,19,746,1169.6,10.0,0.0,118.0
Conor,Townsend,Townsend,418,18,75,0,2,False,44,3.1,2144,0,2,6,33,0,0,0,0,0,0,8,394,415.4,331.8,154.0,90.0
Oluwasemilogo Adesewo Ibidapo,Ajayi,Ajayi,419,18,50,0,2,False,48,1.6,2689,2,1,1,68,0,0,0,3,1,0,2,333,564.8,87.8,200.0,85.1
Jonathan,Leko,Leko,420,18,0,0,3,False,45,0.0,0,0,0,0,0,0,0,0,0,0,0,0,0,0.0,0.0,0.0,0.0
Kyle,Edwards,Edwards,421,18,5,0,3,False,46,1.0,114,0,0,0,3,0,0,0,0,0,0,0,15,13.0,12.8,39.0,6.4
Darnell,Furlong,Furlong,422,18,78,0,2,False,45,2.3,2841,1,3,6,60,1,0,0,5,0,0,2,392,461.0,274.2,240.0,97.7
Sam,Field,Field,423,18,3,0,3,False,48,1.0,61,0,0,0,2,0,0,0,0,0,0,0,16,20.0,0.5,0.0,2.0
Dara,O'Shea,O'Shea,425,18,41,0,2,False,42,1.5,2040,0,0,3,49,0,0,0,3,0,0,1,283,426.4,70.4,44.0,54.4
Rekeem,Harper,Harper,426,18,2,0,3,False,43,1.0,30,0,0,0,2,0,0,0,0,0,0,0,7,6.0,2.3,7.0,1.6
Robert,Snodgrass,Snodgrass,428,18,14,0,3,False,56,1.3,528,0,0,0,14,0,0,0,2,0,0,0,76,76.4,56.0,75.0,20.7
Grady,Diangana,Diangana,446,18,38,0,3,False,50,2.0,1201,1,0,1,32,0,0,0,0,0,0,0,106,163.8,91.2,154.0,40.9
Matheus,Pereira,Pereira,481,18,153,4,3,False,54,4.6,2574,11,7,6,58,0,0,0,2,1,0,15,565,744.0,873.6,661.0,227.9
Cedric,Kipre,Kipre,499,18,0,0,2,False,43,0.0,0,0,0,0,0,0,0,0,0,0,0,0,0,0.0,0.0,0.0,0.0
Branislav,Ivanovic,Ivanovic,530,18,20,0,2,False,44,1.5,764,0,0,2,19,0,0,0,2,0,0,0,120,117.8,12.7,61.0,19.1
Conor,Gallagher,Gallagher,544,18,70,0,3,False,55,2.4,2440,2,2,5,45,0,0,0,10,0,0,3,321,429.2,286.3,272.0,98.6
Filip,Krovinovic,Krovinovic,555,18,17,0,3,False,49,1.5,541,0,0,1,11,0,0,0,0,0,0,0,97,74.4,103.6,50.0,22.8
Karlan,Grant,Grant,582,18,40,0,4,False,56,2.0,1113,1,0,3,26,0,0,0,1,0,0,3,101,92.8,63.6,259.0,41.2
Lee,Peltier,Peltier,600,18,2,0,2,False,39,0.5,228,0,0,0,8,0,0,0,1,0,0,0,25,45.6,20.3,0.0,6.7
Cheikh,Diaby,Diaby,621,18,0,0,4,False,45,0.0,0,0,0,0,0,0,0,0,0,0,0,0,0,0.0,0.0,0.0,0.0
Andy,Lonergan,Lonergan,639,18,0,0,1,False,40,0.0,0,0,0,0,0,0,0,0,0,0,0,0,0,0.0,0.0,0.0,0.0
Mbaye,Diagne,Diagne,648,18,57,0,4,False,60,3.6,1188,3,5,4,17,0,0,0,2,0,0,3,134,180.0,130.8,346.0,65.2
Okay,Yokuslu,Yokuslu,654,18,32,0,3,False,45,2.1,1226,0,1,4,17,0,0,0,4,0,0,0,190,196.2,87.6,91.0,37.5
Caleb,Taylor,Taylor,700,18,0,0,2,False,40,0.0,0,0,0,0,0,0,0,0,0,0,0,0,0,0.0,0.0,0.0,0.0
Taylor,Gardner-Hickman,Gardner-Hickman,701,18,0,0,3,False,45,0.0,0,0,0,0,0,0,0,0,0,0,0,0,0,0.0,0.0,0.0,0.0
Toby,King,King,706,18,0,0,3,False,45,0.0,0,0,0,0,0,0,0,0,0,0,0,0,0,0.0,0.0,0.0,0.0
Jesse,Lingard,Lingard,301,19,103,4,3,False,66,6.9,1333,9,5,3,19,0,0,1,3,0,0,15,331,486.0,284.4,504.0,127.3
Mark,Noble,Noble,427,19,26,0,3,False,45,1.3,695,0,0,0,15,0,0,0,1,0,0,0,129,80.4,88.6,7.0,17.6
David,Martin,Martin,429,19,0,0,1,False,39,0.0,0,0,0,0,0,0,0,0,0,0,0,0,0,0.0,0.0,0.0,0.0
Darren,Randolph,Randolph,430,19,10,0,1,False,43,3.3,270,0,0,1,3,0,0,0,0,0,6,0,46,46.2,0.0,0.0,4.7
Lukasz,Fabianski,Fabianski,431,19,124,1,1,False,50,3.6,3060,0,0,9,44,0,1,0,2,0,97,9,602,700.8,0.0,0.0,70.0
Angelo,Ogbonna,Ogbonna,432,19,94,2,2,False,47,3.5,2402,3,0,8,34,0,0,0,5,0,0,5,440,484.6,56.4,244.0,78.6
Roberto,Jimenez Gago,Roberto,433,19,0,0,1,False,45,0.0,0,0,0,0,0,0,0,0,0,0,0,0,0,0.0,0.0,0.0,0.0
Jack,Wilshere,Wilshere,434,19,0,0,3,False,49,0.0,0,0,0,0,0,0,0,0,0,0,0,0,0,0.0,0.0,0.0,0.0
Aaron,Cresswell,Cresswell,435,19,147,3,2,False,56,4.2,3080,0,11,10,41,0,0,0,3,0,0,21,701,647.4,872.8,96.0,162.0
Andriy,Yarmolenko,Yarmolenko,436,19,17,0,3,False,55,1.1,362,0,1,1,7,0,0,0,3,0,0,0,47,50.6,80.3,106.0,23.5
Michail,Antonio,Antonio,437,19,116,2,4,False,66,4.6,1904,10,5,5,25,0,0,0,3,0,0,19,343,511.4,326.3,1028.0,186.2
Ryan,Fredericks,Fredericks,438,19,28,0,2,False,42,2.0,564,1,1,1,9,0,0,0,2,0,0,0,127,155.2,166.8,96.0,41.9
Manuel,Lanzini,Lanzini,439,19,28,0,3,False,64,1.6,556,1,1,1,5,0,0,0,1,0,0,0,117,121.4,153.0,102.0,37.5
Felipe Anderson,Pereira Gomes,Felipe Anderson,440,19,2,0,3,False,61,1.0,2,0,0,0,0,0,0,0,0,0,0,0,8,2.4,0.4,2.0,0.5
Sébastien,Haller,Haller,441,19,41,0,4,False,61,2.6,932,3,0,3,12,0,0,0,0,0,0,4,113,169.6,131.6,361.0,66.2
Arthur,Masuaku,Masuaku,442,19,42,1,2,False,43,3.5,1006,0,2,4,15,0,0,0,2,0,0,4,209,187.4,200.5,62.0,45.0
Fabián,Balbuena,Balbuena,443,19,39,0,2,False,41,2.8,1197,1,0,4,19,0,0,0,1,1,0,0,193,260.8,9.0,79.0,35.0
Jordan,Hugill,Hugill,444,19,0,0,4,False,55,0.0,0,0,0,0,0,0,0,0,0,0,0,0,0,0.0,0.0,0.0,0.0
Jarrod,Bowen,Bowen,445,19,135,4,3,False,59,3.6,2473,8,5,8,33,0,0,0,0,0,0,8,415,517.6,478.7,774.0,177.2
Albian,Ajeti,Ajeti,447,19,0,0,4,False,55,0.0,0,0,0,0,0,0,0,0,0,0,0,0,0,0.0,0.0,0.0,0.0
Declan,Rice,Rice,448,19,78,0,3,False,47,2.5,2790,1,1,10,37,0,0,1,2,0,0,2,496,521.0,342.0,282.0,115.0
Tomas,Soucek,Soucek,449,19,144,4,3,False,52,3.9,3330,10,2,10,47,1,0,0,7,1,0,16,547,875.4,258.3,924.0,206.0
Pablo,Fornals,Fornals,450,19,106,0,3,False,58,3.3,2481,3,6,8,33,0,0,0,3,0,0,7,362,390.8,407.5,576.0,137.5
Issa,Diop,Diop,451,19,41,1,2,False,43,2.4,1378,2,0,2,22,1,0,0,3,0,0,1,231,375.6,17.4,48.0,44.3
Ben,Johnson,Johnson,452,19,25,0,2,False,39,1.8,516,1,0,1,10,0,0,0,1,0,0,0,104,98.0,63.7,28.0,18.9
Vladimir,Coufal,Coufal,558,19,118,0,2,False,48,3.6,2964,0,8,8,43,0,0,0,3,0,0,11,594,668.8,655.5,218.0,154.5
Craig,Dawson,Dawson,576,19,69,2,2,False,45,3.3,1835,3,0,6,25,2,0,0,3,1,0,3,317,424.4,29.9,215.0,67.0
Saïd,Benrahma,Benrahma,587,19,72,0,3,False,59,2.5,1355,1,6,3,19,0,0,0,0,0,0,4,253,300.0,371.9,367.0,104.1
Frederik,Alves,Alves,637,19,0,0,2,False,40,0.0,0,0,0,0,0,0,0,0,0,0,0,0,0,0.0,0.0,0.0,0.0
Ademipo,Odubeko,Odubeko,638,19,0,0,4,False,45,0.0,0,0,0,0,0,0,0,0,0,0,0,0,0,0.0,0.0,0.0,0.0
Conor,Coventry,Coventry,668,19,0,0,3,False,45,0.0,0,0,0,0,0,0,0,0,0,0,0,0,0,0.0,0.0,0.0,0.0
Jamal,Baptiste,Baptiste,669,19,0,0,2,False,40,0.0,0,0,0,0,0,0,0,0,0,0,0,0,0,0.0,0.0,0.0,0.0
Nathan,Trott,Trott,674,19,0,0,1,False,40,0.0,0,0,0,0,0,0,0,0,0,0,0,0,0,0.0,0.0,0.0,0.0
John,Ruddy,Ruddy,453,20,4,0,1,False,43,2.0,91,0,0,0,1,0,0,0,0,0,3,0,19,25.4,0.0,0.0,2.5
João Filipe Iria,Santos Moutinho,Moutinho,454,20,71,0,3,False,51,2.2,2436,1,1,6,38,0,0,0,3,1,0,4,425,461.0,686.9,111.0,126.3
Rui Pedro,dos Santos Patrício,Patrício,455,20,131,0,1,False,53,3.6,3240,0,0,10,49,0,1,0,1,0,98,12,615,750.4,0.0,0.0,74.8
Ryan,Bennett,Bennett,456,20,0,0,2,False,44,0.0,0,0,0,0,0,0,0,0,0,0,0,0,0,0.0,0.0,0.0,0.0
Willy,Boly,Boly,458,20,68,0,2,False,54,3.4,1789,1,1,6,27,0,0,0,1,0,0,4,353,402.8,44.4,181.0,62.8
Conor,Coady,Coady,459,20,105,0,2,False,49,2.9,3213,1,0,10,49,0,0,0,5,0,0,7,592,679.0,39.4,85.0,80.6
Raúl,Jiménez,Jiménez,460,20,43,0,4,False,81,4.3,824,4,1,4,10,1,0,0,0,0,0,7,148,177.4,96.2,275.0,55.0
Romain,Saïss,Saïss,461,20,98,2,2,False,49,3.8,2317,3,0,8,38,0,0,0,2,0,0,11,452,572.6,86.9,341.0,100.2
Jonathan,Castro Otto,Jonny,462,20,16,0,2,False,54,2.3,496,0,0,1,4,0,0,0,0,0,0,1,58,61.0,31.8,14.0,10.8
Léo,Bonatini,Bonatini,463,20,0,0,4,False,48,0.0,0,0,0,0,0,0,0,0,0,0,0,0,0,0.0,0.0,0.0,0.0
Leander,Dendoncker,Dendoncker,464,20,77,0,3,False,46,2.4,2439,1,2,11,31,1,0,0,3,0,0,2,324,386.2,259.6,341.0,98.8
Adama,Traoré,Traoré,465,20,93,0,3,False,60,2.6,2614,2,4,7,40,0,0,0,4,0,0,5,355,471.2,736.4,619.0,182.7
Rúben Diogo,da Silva Neves,Neves,466,20,102,1,3,False,51,2.9,2580,5,1,8,40,0,0,0,8,0,0,10,493,676.8,436.5,436.0,155.1
Oskar,Buur,Buur,467,20,1,0,2,False,39,1.0,22,0,0,0,0,0,0,0,0,0,0,0,2,0.6,0.5,0.0,0.1
Daniel,Castelo Podence,Podence,469,20,75,0,3,False,53,3.1,1661,3,2,8,24,0,0,0,3,0,0,5,240,285.6,322.0,456.0,106.2
Max,Kilman,Kilman,470,20,58,1,2,False,38,3.2,1307,0,1,5,11,0,0,0,4,0,0,8,258,249.6,67.4,78.0,39.4
Rúben Gonçalo,Silva Nascimento Vinagre,Vinagre,471,20,1,0,2,False,41,0.5,172,0,0,0,7,0,0,0,0,0,0,0,24,31.2,25.3,0.0,5.7
Matija,Sarkic,Sarkic,472,20,0,0,1,False,44,0.0,0,0,0,0,0,0,0,0,0,0,0,0,0,0.0,0.0,0.0,0.0
Morgan,Gibbs-White,Gibbs-White,473,20,22,0,3,False,49,2.2,377,1,0,0,6,0,0,0,0,0,0,3,79,75.6,98.8,88.0,26.4
Pedro,Lomba Neto,Neto,474,20,124,1,3,False,55,4.0,2549,5,8,9,38,0,0,0,4,0,0,10,492,594.2,1007.3,722.0,232.5
Bruno André,Cavaco Jordao,Jordao,475,20,0,0,3,False,43,0.0,0,0,0,0,0,0,0,0,0,0,0,0,0,0.0,0.0,0.0,0.0
Leonardo,Campana,Campana,476,20,0,0,4,False,47,0.0,0,0,0,0,0,0,0,0,0,0,0,0,0,0.0,0.0,0.0,0.0
Fabio,Silva,Fabio Silva,504,20,67,0,4,False,52,2.2,1262,4,2,0,27,0,0,0,2,0,0,5,185,222.2,152.5,710.0,107.1
Fernando,Marçal,Marçal,505,20,18,0,2,False,47,1.5,611,0,0,1,9,0,0,0,2,0,0,0,102,97.8,50.9,11.0,16.1
Vitor,Ferreira,Vitinha,515,20,26,0,3,False,47,1.4,509,0,1,0,8,0,0,0,0,0,0,0,112,80.0,179.0,72.0,33.3
Ki-Jana,Hoever,Hoever,545,20,13,0,2,False,44,1.1,573,0,0,0,11,0,0,0,1,0,0,0,80,100.4,59.7,26.0,18.7
Nélson,Cabral Semedo,Semedo,546,20,101,0,2,False,52,3.1,2893,0,3,9,43,1,0,0,5,0,0,10,523,552.4,389.3,278.0,122.2
Meritan,Shabani,Shabani,553,20,0,0,3,False,44,0.0,0,0,0,0,0,0,0,0,0,0,0,0,0,0.0,0.0,0.0,0.0
Rayan,Ait Nouri,Ait Nouri,563,20,54,1,2,False,50,2.7,1318,1,1,3,21,0,0,0,0,0,0,6,259,235.2,232.6,177.0,64.5
Owen,Otasowie,Otasowie,581,20,9,0,3,False,45,1.5,185,0,1,0,6,0,0,0,1,0,0,0,33,38.2,25.9,34.0,9.8
Theo,Corbeanu,Corbeanu,610,20,1,0,3,False,44,1.0,8,0,0,0,0,0,0,0,0,0,0,0,5,9.0,15.1,0.0,2.4
Taylor,Perry,Perry,611,20,0,0,3,False,44,0.0,0,0,0,0,0,0,0,0,0,0,0,0,0,0.0,0.0,0.0,0.0
Luke,Cundle,Cundle,614,20,0,0,3,False,45,0.0,0,0,0,0,0,0,0,0,0,0,0,0,0,0.0,0.0,0.0,0.0
Lewis,Richards,Richards,615,20,0,0,2,False,40,0.0,0,0,0,0,0,0,0,0,0,0,0,0,0,0.0,0.0,0.0,0.0
Christian,Marques,Marques,616,20,0,0,2,False,39,0.0,0,0,0,0,0,0,0,0,0,0,0,0,0,0.0,0.0,0.0,0.0
Andreas,Söndergaard,Söndergaard,617,20,0,0,1,False,40,0.0,0,0,0,0,0,0,0,0,0,0,0,0,0,0.0,0.0,0.0,0.0
Patrick,Cutrone,Cutrone,626,20,2,0,4,False,59,1.0,23,0,0,0,0,0,0,0,0,0,0,0,5,0.0,0.0,4.0,0.2
Nigel,Lonwijk,Lonwijk,629,20,0,0,2,False,39,0.0,0,0,0,0,0,0,0,0,0,0,0,0,0,0.0,0.0,0.0,0.0
Willian José,Da Silva,Willian José,642,20,38,0,4,False,68,2.4,1043,1,1,5,12,0,0,0,0,0,0,3,125,85.2,164.2,221.0,46.8
Hugo,Bueno,Bueno,649,20,0,0,2,False,40,0.0,0,0,0,0,0,0,0,0,0,0,0,0,0,0.0,0.0,0.0,0.0
