Pos,Name,BV,SV,Team,36_xMins,36_Pts
M,Özil,6.7,6.7,Arsenal,0,0
D,Sokratis,4.8,4.8,Arsenal,0,0
D,David Luiz,5.4,5.4,Arsenal,0,0
M,Aubameyang,11.3,11.3,Arsenal,0,0
D,Cédric,4.6,4.6,Arsenal,0,0
F,Lacazette,8.4,8.4,Arsenal,0,0
D,Mustafi,5.0,5.0,Arsenal,0,0
G,Leno,5.0,5.0,Arsenal,0,0
M,Xhaka,5.2,5.2,Arsenal,0,0
D,Marí,4.4,4.4,Arsenal,0,0
D,Bellerín,5.0,5.0,Arsenal,0,0
G,Martínez,5.4,5.2,Aston Villa,89,3.761
D,Chambers,4.5,4.5,Arsenal,0,0
D,Kolasinac,4.8,4.8,Arsenal,0,0
D,Maitland-Niles,4.6,4.6,West Brom,70,1.115
D,Holding,4.3,4.3,Arsenal,0,0
D,Tierney,5.2,5.2,Arsenal,0,0
M,Pépé,7.6,7.6,Arsenal,0,0
M,Torreira,4.7,4.7,Arsenal,0,0
M,Willock,4.7,4.7,Newcastle,58,1.883
M,Nelson,5.1,5.1,Arsenal,0,0
F,Nketiah,5.3,5.3,Arsenal,0,0
M,Smith Rowe,4.2,4.2,Arsenal,0,0
M,Saka,5.1,5.1,Arsenal,0,0
M,Guendouzi,4.7,4.7,Arsenal,0,0
M,Martinelli,4.9,4.9,Arsenal,0,0
D,Saliba,4.0,4.0,Arsenal,0,0
G,Heaton,4.5,4.5,Aston Villa,0,0
D,El Mohamady,4.2,4.2,Aston Villa,4,0.148
M,Lansbury,4.3,4.3,Aston Villa,0,0
D,Taylor,4.2,4.2,Aston Villa,1,0.034
G,Steer,3.9,3.9,Aston Villa,0,0
M,Hourihane,5.9,5.9,Aston Villa,0,0
M,Jota,5.9,5.9,Aston Villa,0,0
G,Nyland,4.0,4.0,Aston Villa,0,0
D,Engels,4.4,4.4,Aston Villa,0,0
M,Grealish,7.5,7.5,Aston Villa,54,2.802
M,McGinn,5.5,5.5,Aston Villa,87,2.907
D,Hause,4.4,4.4,Aston Villa,2,0.072
M,Trézéguet,5.2,5.2,Aston Villa,0,0
D,Mings,5.4,5.4,Aston Villa,88,3.106
D,Targett,5.0,5.0,Aston Villa,88,3.388
D,Bree,4.5,4.5,Aston Villa,0,0
M,Nakamba,4.3,4.3,Aston Villa,11,0.368
M,El Ghazi,5.2,5.2,Aston Villa,46,2.626
D,Konsa,4.7,4.7,Aston Villa,88,3.116
D,Guilbert,4.3,4.3,Aston Villa,0,0
F,Wesley,6.0,6.0,Aston Villa,15,0.805
F,Samatta,5.9,5.9,Aston Villa,0,0
F,Davis,4.2,4.2,Aston Villa,10,0.488
F,Vassilev,4.3,4.3,Aston Villa,0,0
M,Douglas Luiz,4.8,4.8,Aston Villa,76,2.332
F,Murray,4.8,4.8,Brighton,0,0
M,Lallana,6.2,6.2,Brighton,29,1.114
M,Stephens,4.2,4.2,Burnley,3,0.1
G,Button,3.9,3.9,West Brom,0,0
M,Groß,5.8,5.8,Brighton,83,4.011
D,Duffy,4.3,4.3,Brighton,0,0
M,Pröpper,4.7,4.7,Brighton,10,0.355
M,Mooy,5.0,5.0,Brighton,0,0
D,Burn,4.2,4.2,Brighton,81,2.695
D,Dunk,4.9,4.9,Brighton,0,0
D,Montoya,4.5,4.5,Brighton,0,0
F,Andone,4.8,4.8,Brighton,1,0.052
M,March,4.9,4.9,Brighton,0,0
D,Webster,4.3,4.3,Brighton,88,2.894
D,Veltman,4.4,4.4,Brighton,32,1.086
F,Maupay,5.9,5.9,Brighton,0,0
M,Trossard,5.6,5.6,Brighton,76,3.482
G,Ryan,4.1,4.1,Arsenal,0,0
M,Jahanbakhsh,5.4,5.4,Brighton,61,2.493
M,Izquierdo,5.5,5.5,Brighton,5,0.195
D,Clarke,4.4,4.4,Brighton,0,0
D,White,4.5,4.5,Brighton,87,2.734
D,Bernardo,3.9,3.9,Brighton,0,0
M,Bissouma,4.4,4.4,Brighton,83,2.449
D,Lamptey,4.6,4.6,Brighton,0,0
F,Connolly,5.2,5.2,Brighton,20,0.983
M,Alzate,4.1,4.1,Brighton,5,0.19
M,Mac Allister,5.3,5.3,Brighton,57,2.389
D,Tarkowski,5.3,5.3,Burnley,89,2.714
D,Bardsley,4.4,4.4,Burnley,0,0
D,Pieters,4.3,4.3,Burnley,8,0.251
M,Cork,5.0,5.0,Burnley,62,1.926
D,Long,4.3,4.3,Burnley,0,0
F,Rodriguez,5.7,5.7,Burnley,16,0.787
F,Barnes,6.0,6.0,Burnley,41,2.21
D,Mee,4.7,4.7,Burnley,88,2.654
M,Westwood,5.3,5.3,Burnley,84,2.685
M,Gudmundsson,5.4,5.4,Burnley,38,1.566
F,Wood,6.4,6.4,Burnley,76,4.64
D,Lowton,4.4,4.4,Burnley,88,2.772
F,Vydra,4.8,4.8,Burnley,49,2.723
D,Gibson,3.9,3.9,Burnley,0,0
M,Brady,5.0,5.0,Burnley,0,0
G,Pope,5.5,5.5,Burnley,90,3.641
D,Taylor,4.4,4.4,Burnley,84,2.575
M,Brownhill,4.9,4.9,Burnley,78,2.806
G,Peacock-Farrell,4.0,4.0,Burnley,0,0
M,McNeil,5.7,5.7,Burnley,84,3.169
G,Caballero,4.6,4.6,Chelsea,0,0
D,Azpilicueta,5.9,5.9,Chelsea,0,0
F,Giroud,6.7,6.7,Chelsea,0,0
D,Alonso,5.7,5.7,Chelsea,0,0
M,Jorginho,4.7,4.7,Chelsea,0,0
M,Barkley,5.8,5.8,Aston Villa,47,2.411
M,Kovacic,5.3,5.3,Chelsea,0,0
F,Batshuayi,5.7,5.7,Crystal Palace,1,0.051
D,Rüdiger,4.7,4.7,Chelsea,0,0
D,Zouma,5.3,5.3,Chelsea,0,0
D,Emerson,4.7,4.7,Chelsea,0,0
G,Arrizabalaga,4.7,4.7,Chelsea,0,0
M,Kanté,4.9,4.9,Chelsea,0,0
M,Ziyech,7.9,7.9,Chelsea,0,0
M,Loftus-Cheek,5.9,5.9,Fulham,64,2.428
D,Christensen,4.7,4.7,Chelsea,0,0
F,Werner,9.2,9.2,Chelsea,0,0
F,Abraham,7.1,7.1,Chelsea,0,0
M,Pulisic,8.3,8.3,Chelsea,0,0
M,Mount,7.3,7.3,Chelsea,0,0
D,Tomori,4.7,4.7,Chelsea,0,0
M,Hudson-Odoi,5.7,5.7,Chelsea,0,0
D,James,5.1,5.1,Chelsea,0,0
M,Gilmour,4.3,4.3,Chelsea,0,0
D,Cahill,4.5,4.5,Crystal Palace,59,1.926
G,Hennessey,4.3,4.3,Crystal Palace,0,0
D,Sakho,4.4,4.4,Crystal Palace,0,0
G,Guaita,4.8,4.8,Crystal Palace,89,3.492
D,Tomkins,4.4,4.4,Crystal Palace,38,1.228
M,McArthur,5.2,5.2,Crystal Palace,27,0.94
M,McCarthy,4.3,4.3,Crystal Palace,12,0.392
F,Benteke,5.5,5.5,Crystal Palace,72,3.488
M,Kouyaté,4.8,4.8,Crystal Palace,77,2.253
D,Ward,4.3,4.3,Crystal Palace,75,2.333
D,Kelly,4.1,4.1,Crystal Palace,0,0
F,Wickham,4.4,4.4,Crystal Palace,0,0
M,Townsend,5.5,5.5,Crystal Palace,53,2.3
M,Milivojevic,5.6,5.6,Crystal Palace,81,2.77
D,van Aanholt,5.4,5.4,Crystal Palace,27,1.032
F,Ayew,5.6,5.6,Crystal Palace,44,1.909
M,Zaha,7.2,7.2,Crystal Palace,84,3.902
M,Schlupp,5.3,5.3,Crystal Palace,48,1.904
M,Meyer,4.7,4.7,Crystal Palace,0,0
M,Riedewald,4.4,4.4,Crystal Palace,37,1.234
D,Ferguson,3.8,3.8,Crystal Palace,1,0.031
D,Mitchell,3.8,3.8,Crystal Palace,61,1.873
M,Pierrick,4.3,4.3,Crystal Palace,0,0
M,Walcott,5.8,5.8,Southampton,62,2.987
M,Delph,4.8,4.8,Everton,6,0.21
M,Sigurdsson,6.9,6.9,Everton,69,4.3
G,Lössl,4.3,4.3,Everton,0,0
D,Coleman,4.9,4.9,Everton,40,2.288
F,Tosun,6.0,6.0,Everton,0,0
M,Bernard,5.7,5.7,Everton,10,0.505
D,Digne,6.2,6.2,Everton,82,5.093
D,Keane,5.0,5.0,Everton,77,4.044
G,Pickford,4.8,4.8,Everton,89,4.39
M,André Gomes,5.3,5.3,Everton,27,1.092
M,Iwobi,5.9,5.9,Everton,34,1.638
D,Kenny,4.3,4.3,Everton,0,0
M,Gbamin,5.0,5.0,Everton,0,0
D,Mina,5.5,5.5,Everton,40,2.094
M,Davies,5.2,5.2,Everton,27,1.087
F,Calvert-Lewin,7.6,7.5,Everton,81,5.338
D,Holgate,4.8,4.8,Everton,69,3.523
F,Richarlison,7.8,7.8,Everton,77,4.65
G,Virgínia,4.3,4.3,Everton,0,0
M,Gordon,4.3,4.3,Everton,0,0
F,Kean,5.7,5.7,Everton,0,0
D,Branthwaite,3.9,3.9,Everton,0,0
G,Fabri,3.9,3.9,Fulham,0,0
M,McDonald,4.7,4.7,Fulham,0,0
D,Le Marchand,4.1,4.1,Fulham,0,0
M,Johansen,4.7,4.7,Fulham,0,0
M,Cairney,5.2,5.2,Fulham,13,0.455
D,Ream,4.2,4.2,Fulham,0,0
M,Knockaert,5.0,5.0,Fulham,0,0
D,Hector,4.1,4.1,Fulham,0,0
D,Christie,4.2,4.2,Fulham,0,0
M,Kebano,4.7,4.7,Fulham,0,0
F,Decordova-Reid,5.3,5.3,Fulham,59,2.283
D,Bryan,4.5,4.5,Fulham,1,0.032
G,Bettinelli,4.3,4.3,Fulham,0,0
F,Mitrović,5.5,5.5,Fulham,42,2.125
D,Mawson,4.3,4.3,Fulham,0,0
G,Rodák,4.3,4.3,Fulham,0,0
M,Cavaleiro,5.3,5.3,Fulham,66,2.915
M,Onomah,4.6,4.6,Fulham,27,0.91
M,Seri,4.6,4.6,Fulham,0,0
M,Kamara,4.8,4.8,Fulham,0,0
M,Anguissa,4.4,4.4,Fulham,77,2.303
D,Sessegnon,4.3,4.3,Fulham,0,0
M,Hernández,5.7,5.7,Leeds,3,0.149
G,Casilla,4.1,4.1,Leeds,0,0
D,Cooper,4.3,4.3,Leeds,17,0.584
D,Douglas,3.8,3.8,Leeds,0,0
D,Ayling,4.4,4.4,Leeds,86,3.012
M,Klich,5.2,5.2,Leeds,47,1.932
M,Forshaw,4.8,4.8,Leeds,0,0
D,Dallas,5.3,5.2,Leeds,84,3.241
D,Alioski,4.3,4.3,Leeds,72,2.626
F,Bamford,6.4,6.3,Leeds,80,4.874
M,Harrison,5.4,5.4,Leeds,78,3.417
M,Phillips,4.9,4.9,Leeds,81,2.432
M,Costa,5.0,5.0,Leeds,0,0
M,Roberts,4.6,4.6,Leeds,46,1.883
M,Grot,4.7,4.7,Leeds,0,0
G,Miazek,4.0,4.0,Leeds,0,0
M,Poveda-Ocampo,4.2,4.2,Leeds,11,0.441
M,Shackleton,4.8,4.8,Leeds,2,0.072
D,Struijk,4.0,4.0,Leeds,59,2.031
M,Stevens,4.3,4.3,Leeds,0,0
G,Meslier,4.7,4.7,Leeds,89,3.71
D,Davis,3.8,3.8,Leeds,0,0
D,Casey,3.8,3.8,Leeds,0,0
D,Morgan,4.4,4.4,Leicester,0,0
G,Schmeichel,5.4,5.4,Leicester,0,0
D,Fuchs,4.5,4.5,Leicester,0,0
D,Evans,5.6,5.6,Leicester,0,0
M,Silva,4.4,4.4,Leicester,0,0
M,Albrighton,5.2,5.2,Leicester,0,0
M,James,4.3,4.3,Leicester,0,0
G,Ward,4.3,4.3,Leicester,0,0
F,Vardy,10.2,10.3,Leicester,0,0
M,Praet,5.2,5.2,Leicester,0,0
D,Pereira,5.9,5.9,Leicester,0,0
D,Amartey,3.9,3.9,Leicester,0,0
M,Tielemans,6.4,6.4,Leicester,0,0
M,Pérez,6.0,6.0,Leicester,0,0
M,Gray,5.1,5.1,Leicester,0,0
M,Maddison,7.3,7.3,Leicester,0,0
D,Chilwell,5.9,5.9,Chelsea,0,0
F,Iheanacho,6.3,6.1,Leicester,0,0
M,Choudhury,4.6,4.6,Leicester,0,0
M,Barnes,6.6,6.6,Leicester,0,0
M,Ndidi,4.8,4.8,Leicester,0,0
D,Benkovic,4.3,4.3,Leicester,0,0
D,Söyüncü,5.3,5.3,Leicester,0,0
D,Justin,4.8,4.8,Leicester,0,0
D,Thomas,4.1,4.1,Leicester,0,0
M,Milner,5.3,5.3,Liverpool,34,1.639
D,Tsimikas,4.9,4.9,Liverpool,1,0.053
M,Wijnaldum,5.3,5.3,Liverpool,67,2.792
M,Henderson,5.4,5.4,Liverpool,0,0
G,Adrián,4.2,4.2,Liverpool,0,0
D,Matip,5.4,5.4,Liverpool,0,0
M,Shaqiri,6.4,6.4,Liverpool,7,0.404
M,Chamberlain,6.3,6.3,Liverpool,3,0.134
F,Firmino,9.0,9.0,Liverpool,59,3.583
D,van Dijk,6.2,6.2,Liverpool,0,0
M,Mané,11.7,11.7,Liverpool,78,6.28
G,Alisson,5.9,5.9,Liverpool,89,4.254
M,Fabinho,5.4,5.4,Liverpool,77,2.527
M,Salah,12.7,12.7,Liverpool,75,7.206
D,Robertson,7.1,7.1,Liverpool,88,5.097
F,Origi,5.1,5.1,Liverpool,0,0
M,Harry Wilson,5.1,5.1,Liverpool,0,0
M,Minamino,6.0,6.0,Southampton,11,0.551
D,Alexander-Arnold,7.6,7.5,Liverpool,87,5.594
D,Gomez,5.2,5.2,Liverpool,0,0
M,Keita,5.2,5.2,Liverpool,1,0.052
F,Brewster,4.2,4.2,Sheffield Utd,43,1.703
M,Jones,4.4,4.4,Liverpool,14,0.718
D,Neco Williams,3.8,3.8,Liverpool,1,0.046
M,Elliott,4.3,4.3,Liverpool,0,0
D,Fernandinho,5.4,5.4,Man City,35,1.835
G,Bravo,4.5,4.5,Man City,0,0
F,Agüero,10.3,10.3,Man City,38,2.951
D,Otamendi,4.9,4.9,Man City,0,0
D,Walker,6.1,6.1,Man City,16,0.815
M,Gündogan,5.6,5.6,Man City,51,3.041
M,De Bruyne,11.8,11.8,Man City,31,2.552
D,Stones,5.1,5.1,Man City,60,3.074
D,Mendy,5.9,5.9,Man City,37,1.931
M,Mahrez,8.0,8.0,Man City,43,3.271
M,Sterling,11.0,11.0,Man City,56,3.938
D,Cancelo,5.8,5.8,Man City,50,2.806
G,Ederson,6.1,6.1,Man City,89,4.36
D,Aké,5.4,5.4,Man City,31,1.642
D,Laporte,6.0,6.0,Man City,55,2.739
M,Bernardo Silva,7.4,7.4,Man City,65,3.377
F,Jesus,9.1,9.1,Man City,66,4.343
D,Zinchenko,5.5,5.5,Man City,30,1.651
M,Foden,6.0,6.0,Man City,52,3.744
M,Doyle,4.4,4.4,Man City,0,0
M,Rodrigo,5.3,5.3,Man City,78,3.101
M,Torres,6.9,6.9,Man City,35,2.206
D,Garcia,4.7,4.7,Man City,0,0
G,Romero,4.9,4.9,Man Utd,0,0
M,Mata,5.8,5.8,Man Utd,0,0
G,de Gea,5.3,5.3,Man Utd,0,0
D,Smalling,4.9,4.9,Man Utd,0,0
F,Ighalo,6.1,6.1,Man Utd,0,0
D,Rojo,4.8,4.8,Man Utd,0,0
M,Matic,4.7,4.7,Man Utd,0,0
M,Pogba,7.6,7.6,Man Utd,0,0
D,Jones,4.8,4.8,Man Utd,0,0
D,Maguire,5.6,5.6,Man Utd,0,0
M,Fred,5.3,5.3,Man Utd,0,0
D,Shaw,5.5,5.5,Man Utd,0,0
M,Lingard,6.6,6.3,West Ham,74,3.45
M,Fernandes,11.5,11.0,Man Utd,0,0
F,Martial,8.6,8.6,Man Utd,0,0
M,Pereira,4.8,4.8,Man Utd,0,0
G,Henderson,5.2,5.2,Man Utd,0,0
M,Rashford,9.6,9.6,Man Utd,0,0
D,Tuanzebe,4.1,4.1,Man Utd,0,0
D,Lindelöf,4.8,4.8,Man Utd,0,0
M,McTominay,4.9,4.9,Man Utd,0,0
D,Bailly,4.8,4.8,Man Utd,0,0
M,James,6.2,6.2,Man Utd,0,0
D,Fosu-Mensah,4.3,4.3,Man Utd,0,0
D,Wan-Bissaka,5.7,5.7,Man Utd,0,0
D,Dalot,4.8,4.8,Man Utd,0,0
M,Greenwood,7.2,7.1,Man Utd,0,0
M,Chong,4.4,4.4,Man Utd,0,0
M,Garner,4.4,4.4,Man Utd,0,0
D,Williams,4.2,4.2,Man Utd,0,0
D,Mengi,3.9,3.9,Man Utd,0,0
F,Carroll,5.1,5.1,Newcastle,6,0.249
M,Shelvey,5.3,5.3,Newcastle,85,2.327
M,Ritchie,4.9,4.9,Newcastle,78,2.381
D,Fernández,4.7,4.7,Newcastle,85,1.316
D,Clark,4.5,4.5,Newcastle,76,1.191
G,Darlow,4.9,4.9,Newcastle,0,0
G,Dubravka,4.8,4.8,Newcastle,89,3.166
D,Lejeune,4.3,4.3,Newcastle,0,0
D,Lascelles,4.2,4.2,Newcastle,0,0
F,Gayle,5.9,5.9,Newcastle,26,1.075
M,Atsu,5.2,5.2,Newcastle,0,0
D,Dummett,4.4,4.4,Newcastle,81,1.175
D,Manquillo,4.2,4.2,Newcastle,3,0.049
D,Krafth,4.2,4.2,Newcastle,25,0.419
D,Schär,4.8,4.8,Newcastle,0,0
D,Yedlin,4.3,4.3,Newcastle,0,0
M,Hayden,4.6,4.6,Newcastle,0,0
M,Aarons,4.8,4.8,Newcastle,0,0
M,Saint-Maximin,5.1,5.1,Newcastle,76,2.899
M,Almirón,5.6,5.6,Newcastle,73,2.45
F,Joelinton,5.7,5.7,Newcastle,72,2.487
F,Muto,4.8,4.8,Newcastle,0,0
D,Watts,3.9,3.9,Newcastle,0,0
F,Sharp,5.5,5.5,Sheffield Utd,0,0
F,McGoldrick,5.2,5.2,Sheffield Utd,74,2.868
D,Basham,4.6,4.6,Sheffield Utd,80,1.68
M,Fleck,5.6,5.6,Sheffield Utd,76,2.232
D,Stevens,5.0,5.0,Sheffield Utd,84,1.971
G,Moore,4.3,4.3,Sheffield Utd,0,0
M,Norwood,4.5,4.5,Sheffield Utd,67,2.239
G,Foderingham,4.3,4.3,Sheffield Utd,0,0
D,Baldock,4.9,4.9,Sheffield Utd,78,1.78
D,Jack Robinson,4.2,4.2,Sheffield Utd,52,1.078
D,Egan,4.7,4.7,Sheffield Utd,82,1.782
D,O'Connell,4.7,4.7,Sheffield Utd,0,0
M,Lundstram,4.8,4.8,Sheffield Utd,16,0.575
M,Osborn,4.7,4.7,Sheffield Utd,30,1.052
F,McBurnie,5.6,5.6,Sheffield Utd,0,0
F,Callum Robinson,5.2,5.2,West Brom,49,1.879
F,Mousset,5.8,5.8,Sheffield Utd,13,0.576
M,Berge,4.9,4.9,Sheffield Utd,76,2.272
F,Long,5.1,5.1,Southampton,0,0
D,Bertrand,5.0,5.0,Southampton,0,0
G,McCarthy,4.4,4.4,Southampton,30,1.288
M,Oriol Romeu,4.5,4.5,Southampton,53,1.627
M,Redmond,6.4,6.4,Southampton,57,2.905
F,Ings,8.4,8.4,Southampton,61,3.796
D,Stephens,4.6,4.6,Southampton,26,1.072
M,Armstrong,5.5,5.5,Southampton,69,3.02
D,Vestergaard,4.7,4.7,Southampton,89,3.773
M,Ward-Prowse,5.9,5.9,Southampton,87,3.897
G,Gunn,4.3,4.3,Southampton,0,0
M,Boufal,5.4,5.4,Southampton,0,0
M,Reed,4.4,4.4,Fulham,52,1.522
M,Sims,4.3,4.3,Southampton,0,0
D,Walker-Peters,4.7,4.7,Southampton,86,3.473
D,Bednarek,4.7,4.7,Southampton,88,3.34
F,Adams,5.7,5.7,Southampton,47,2.691
D,Valery,4.7,4.7,Southampton,0,0
M,Smallbone,4.3,4.3,Southampton,0,0
D,Vokins,3.9,3.9,Southampton,0,0
F,Obafemi,4.6,4.6,Southampton,5,0.27
M,Djenepo,5.4,5.4,Southampton,43,1.639
G,Lloris,5.6,5.6,Spurs,89,4.274
D,Rose,4.7,4.7,Spurs,0,0
M,Sissoko,4.7,4.7,Spurs,13,0.501
D,Alderweireld,5.4,5.4,Spurs,78,3.668
M,Lamela,5.7,5.7,Spurs,31,1.593
F,Kane,11.8,11.8,Spurs,86,6.365
D,Aurier,5.2,5.2,Spurs,52,2.892
M,Son,9.6,9.5,Spurs,80,4.951
D,Dier,4.6,4.6,Spurs,80,3.813
M,Lucas Moura,6.5,6.6,Spurs,47,2.544
G,Gazzaniga,4.3,4.3,Spurs,0,0
M,Alli,7.4,7.4,Spurs,31,1.803
D,Davies,4.5,4.5,Spurs,0,0
M,Højbjerg,4.9,4.9,Spurs,84,2.732
M,Winks,5.1,5.1,Spurs,5,0.17
D,Sánchez,5.2,5.2,Spurs,16,0.713
D,Sessegnon,4.7,4.7,Spurs,0,0
M,Bergwijn,7.0,7.0,Spurs,3,0.143
M,Fernandes,4.7,4.7,Spurs,0,0
D,Tanganga,4.9,4.9,Spurs,0,0
M,Lo Celso,6.9,6.9,Spurs,54,2.297
M,Skipp,4.4,4.4,Spurs,0,0
M,Ndombele,5.9,5.9,Spurs,43,1.779
D,Foyth,4.3,4.3,Spurs,0,0
D,Gibbs,4.3,4.3,West Brom,3,0.052
F,Robson-Kanu,5.2,5.2,West Brom,17,0.746
M,Livermore,4.7,4.7,West Brom,7,0.215
M,Grosicki,5.2,5.2,West Brom,0,0
M,Phillips,5.1,5.1,West Brom,61,2.03
D,Bartley,4.4,4.4,West Brom,85,1.25
M,Sawyers,4.6,4.6,West Brom,3,0.089
D,Hegazi,4.1,4.1,West Brom,0,0
F,Austin,5.1,5.1,West Brom,0,0
F,Zohore,4.8,4.8,West Brom,0,0
G,Johnstone,4.6,4.6,West Brom,90,3.206
D,Townsend,4.4,4.4,West Brom,88,1.303
D,Ajayi,4.8,4.8,West Brom,64,1.069
M,Leko,4.5,4.5,West Brom,0,0
M,Edwards,4.6,4.6,West Brom,0,0
D,Furlong,4.5,4.5,West Brom,86,1.303
M,Field,4.8,4.8,West Brom,0,0
M,Burke,4.1,4.1,Sheffield Utd,53,2.139
D,O'Shea,4.2,4.2,West Brom,59,0.779
M,Harper,4.3,4.3,West Brom,0,0
M,Noble,4.5,4.5,West Ham,24,0.932
M,Snodgrass,5.6,5.6,West Brom,0,0
G,Martin,3.9,3.9,West Ham,0,0
G,Randolph,4.3,4.3,West Ham,0,0
G,Fabianski,5.0,5.0,West Ham,89,3.63
D,Ogbonna,4.7,4.7,West Ham,53,1.711
G,Roberto,4.5,4.5,West Ham,0,0
M,Wilshere,4.9,4.9,West Ham,0,0
D,Cresswell,5.6,5.6,West Ham,56,2.125
M,Yarmolenko,5.5,5.5,West Ham,31,1.417
F,Antonio,6.5,6.4,West Ham,76,3.907
D,Fredericks,4.2,4.2,West Ham,15,0.51
M,Lanzini,6.4,6.4,West Ham,26,0.997
M,Felipe Anderson,6.1,6.1,West Ham,0,0
F,Haller,6.1,6.1,West Ham,0,0
D,Masuaku,4.3,4.3,West Ham,5,0.172
D,Balbuena,4.1,4.1,West Ham,2,0.067
F,Hugill,5.5,5.5,West Ham,0,0
M,Bowen,5.9,5.9,West Ham,56,2.924
M,Diangana,5.0,5.0,West Brom,4,0.156
F,Ajeti,5.5,5.5,West Ham,0,0
M,Rice,4.7,4.7,West Ham,22,0.728
M,Soucek,5.2,5.2,West Ham,87,2.928
M,Fornals,5.8,5.8,West Ham,66,2.528
D,Diop,4.3,4.3,West Ham,62,1.963
D,Johnson,3.9,3.9,West Ham,24,0.885
G,Ruddy,4.3,4.3,Wolves,0,0
M,Moutinho,5.1,5.1,Wolves,79,2.281
G,Patrício,5.3,5.3,Wolves,89,3.193
D,Bennett,4.4,4.4,Wolves,0,0
D,Doherty,5.6,5.6,Spurs,26,1.323
D,Boly,5.4,5.4,Wolves,29,0.687
D,Coady,4.9,4.9,Wolves,78,1.645
F,Jiménez,8.1,8.1,Wolves,0,0
D,Saïss,4.9,4.9,Wolves,67,1.57
D,Jonny,5.4,5.4,Wolves,0,0
F,Bonatini,4.8,4.8,Wolves,0,0
M,Dendoncker,4.6,4.6,Wolves,66,1.999
M,Traoré,6.0,6.0,Wolves,81,2.69
M,Neves,5.1,5.1,Wolves,70,2.372
D,Buur,3.9,3.9,Wolves,0,0
M,Jota,7.0,7.0,Liverpool,54,4.224
M,Podence,5.3,5.3,Wolves,60,2.287
D,Kilman,3.9,3.9,Wolves,4,0.093
D,Vinagre,4.1,4.1,Wolves,0,0
G,Sarkic,4.4,4.4,Wolves,0,0
M,Gibbs-White,4.9,4.9,Wolves,40,1.473
M,Neto,5.5,5.5,Wolves,0,0
M,Jordao,4.3,4.3,Wolves,0,0
F,Campana,4.7,4.7,Wolves,0,0
M,Freeman,5.0,5.0,Sheffield Utd,0,0
M,Willian,7.5,7.5,Arsenal,0,0
D,Salisu,4.3,4.3,Southampton,37,1.528
M,Sean Longstaff,4.6,4.6,Newcastle,48,1.47
M,Pereira,5.4,5.4,West Brom,78,3.122
G,Hart,4.2,4.2,Spurs,0,0
G,Ramsdale,4.6,4.6,Sheffield Utd,89,3.209
D,Robinson,4.4,4.4,Fulham,76,2.199
M,Hendrick,4.5,4.5,Newcastle,10,0.322
D,Dann,4.2,4.2,Crystal Palace,5,0.166
M,Matty Longstaff,4.8,4.8,Newcastle,0,0
G,Gillespie,4.3,4.3,Newcastle,0,0
M,Eze,5.8,5.8,Crystal Palace,71,2.895
D,Thiago Silva,5.6,5.6,Chelsea,0,0
D,Koch,4.3,4.3,Leeds,33,1.214
F,Rodrigo,5.7,5.7,Leeds,31,1.548
M,Lemina,4.5,4.5,Fulham,0,0
D,Gabriel,4.9,4.9,Arsenal,0,0
M,van de Beek,6.6,6.6,Man Utd,0,0
D,Cash,5.0,5.0,Aston Villa,85,3.148
M,Murphy,4.9,4.9,Newcastle,84,2.335
D,Castagne,5.8,5.8,Leicester,0,0
D,Kipre,4.3,4.3,West Brom,0,0
M,Havertz,8.3,8.3,Chelsea,0,0
M,Ceballos,4.7,4.7,Arsenal,0,0
M,Allan,5.2,5.2,Everton,69,2.558
G,Walton,4.0,4.0,Brighton,0,0
F,Fabio Silva,5.2,5.2,Wolves,60,2.491
D,Marçal,4.7,4.7,Wolves,2,0.045
F,Wilson,6.5,6.5,Newcastle,0,0
M,Fraser,5.6,5.6,Newcastle,0,0
M,Rodríguez,7.7,7.7,Everton,16,1.023
D,Ampadu,4.3,4.3,Sheffield Utd,8,0.184
D,Bogle,4.3,4.3,Sheffield Utd,14,0.373
D,Lowe,4.2,4.2,Sheffield Utd,0,0
M,Doucouré,5.1,5.1,Everton,73,3.135
D,Lewis,4.1,4.1,Newcastle,2,0.034
F,Watkins,6.5,6.5,Aston Villa,82,4.288
M,Vitinha,4.7,4.7,Wolves,43,1.515
G,Areola,4.5,4.5,Fulham,90,3.425
D,Tete,4.3,4.3,Fulham,54,1.649
M,Mendy,4.2,4.2,Leicester,0,0
D,Dunne,3.8,3.8,Burnley,0,0
D,Thomas,3.9,3.9,Burnley,0,0
D,Carter-Vickers,3.9,3.9,Spurs,0,0
D,Woods,4.0,4.0,Crystal Palace,0,0
G,Forster,4.0,4.0,Southampton,59,2.537
M,Tella,4.3,4.3,Southampton,32,1.619
D,Odoi,4.2,4.2,Fulham,0,0
M,Elneny,4.2,4.2,Arsenal,0,0
G,Macey,4.0,4.0,Arsenal,0,0
G,Steele,3.9,3.9,Brighton,0,0
D,Jagielka,3.9,3.9,Sheffield Utd,0,0
D,Ivanovic,4.4,4.4,West Brom,0,0
M,Thiago,5.5,5.5,Liverpool,70,2.64
G,Caprile,4.0,4.0,Leeds,0,0
M,Bogusz,4.3,4.3,Leeds,0,0
D,Inniss,4.0,4.0,Crystal Palace,0,0
M,Benson,4.4,4.4,Burnley,0,0
D,Driscoll-Glennon,3.9,3.9,Burnley,0,0
M,Bernabé,4.5,4.5,Man City,0,0
G,Steffen,4.4,4.4,Man City,0,0
F,Delap,4.3,4.3,Man City,0,0
M,Traoré,5.8,5.8,Aston Villa,68,3.268
M,Ünder,5.7,5.7,Leicester,0,0
D,Reguilón,5.6,5.6,Spurs,76,3.897
M,Bale,9.2,9.1,Spurs,61,3.676
M,Gallagher,5.5,5.5,West Brom,63,1.874
D,Hoever,4.4,4.4,Wolves,5,0.117
D,Semedo,5.2,5.2,Wolves,75,1.697
G,Rúnarsson,4.4,4.4,Arsenal,0,0
G,Mendy,5.2,5.2,Chelsea,0,0
D,Llorente,4.4,4.4,Leeds,75,2.598
M,Molumby,4.5,4.5,Brighton,0,0
M,Goodridge,4.5,4.5,Burnley,0,0
M,Palmer,4.4,4.4,Man City,0,0
M,Shabani,4.4,4.4,Wolves,0,0
M,Ramsey,4.5,4.5,Aston Villa,26,1.069
M,Krovinovic,4.9,4.9,West Brom,0,0
D,Dias,6.0,6.0,Man City,62,3.015
M,Lookman,4.8,4.8,Fulham,80,3.536
D,Coufal,4.8,4.7,West Ham,78,2.808
D,Nkounkou,4.0,4.0,Everton,0,0
G,Kelleher,4.5,4.5,Liverpool,0,0
D,Fofana,5.0,5.0,Leicester,0,0
D,Aina,4.4,4.4,Fulham,59,1.767
D,Ait Nouri,5.0,5.0,Wolves,80,1.707
F,Carlos Vinicius,6.9,6.9,Spurs,5,0.279
M,Diallo,4.5,4.5,Southampton,35,1.161
D,Godfrey,5.0,5.0,Everton,81,4.022
M,Partey,4.9,4.9,Arsenal,0,0
D,Telles,5.3,5.3,Man Utd,0,0
F,Cavani,8.0,8.0,Man Utd,0,0
M,Raphinha,5.4,5.4,Leeds,83,4.101
D,Andersen,4.5,4.5,Fulham,88,2.508
D,Adarabioyo,4.5,4.5,Fulham,84,2.437
G,Olsen,4.5,4.5,Everton,0,0
F,Zeqiri,5.0,5.0,Brighton,18,0.854
M,Pellistri,5.2,5.2,Man Utd,0,0
D,Dawson,4.5,4.5,West Ham,73,2.451
D,Clyne,4.5,4.5,Crystal Palace,13,0.416
G,Henderson,4.0,4.0,Crystal Palace,0,0
F,Slimani,4.9,4.9,Leicester,0,0
G,Verrips,4.0,4.0,Sheffield Utd,0,0
M,Otasowie,4.5,4.5,Wolves,4,0.141
F,Grant,5.6,5.6,West Brom,2,0.089
G,Norris,4.0,4.0,Burnley,0,0
D,Rodon,5.0,5.0,Spurs,18,0.824
D,Kongolo,4.3,4.3,Fulham,0,0
G,Butland,4.5,4.5,Crystal Palace,0,0
M,Benrahma,5.9,5.9,West Ham,56,2.583
F,Welbeck,5.5,5.5,Brighton,76,3.68
D,Phillips,4.1,4.0,Liverpool,84,3.832
F,N'Lundulu,4.5,4.5,Southampton,0,0
F,Thompson,4.5,4.5,Burnley,0,0
F,Richardson,4.5,4.5,Burnley,0,0
G,Ziger,4.0,4.0,Chelsea,0,0
D,Rhys Williams,4.0,4.0,Liverpool,11,0.509
G,Trafford,4.0,4.0,Man City,0,0
F,Simms,4.5,4.5,Everton,0,0
G,Sánchez,4.6,4.6,Brighton,90,3.653
D,Ramsay,4.0,4.0,Southampton,0,0
M,Jenkins,4.5,4.5,Leeds,0,0
D,Peltier,3.9,3.9,West Brom,0,0
M,Clarkson,4.5,4.5,Liverpool,0,0
M,Anderson,4.5,4.5,Newcastle,0,0
D,Bryan,3.9,3.9,Sheffield Utd,43,0.956
G,Grant,4.0,4.0,Man Utd,0,0
M,Anjorin,4.5,4.5,Chelsea,0,0
G,Langley,3.9,3.9,Newcastle,0,0
M,Cain,4.5,4.5,Liverpool,0,0
G,Carson,3.9,3.9,Man City,0,0
M,Nmecha,4.5,4.5,Man City,0,0
M,Corbeanu,4.4,4.4,Wolves,1,0.036
M,Perry,4.4,4.4,Wolves,0,0
M,Mancini,4.4,4.4,Burnley,1,0.04
F,Mumbongo,4.5,4.5,Burnley,0,0
M,Cundle,4.5,4.5,Wolves,0,0
D,Richards,4.0,4.0,Wolves,0,0
D,Marques,3.9,3.9,Wolves,0,0
G,Söndergaard,4.0,4.0,Wolves,0,0
F,Hackford,4.4,4.4,Sheffield Utd,0,0
F,Huggins,4.5,4.5,Leeds,0,0
D,Cresswell,4.0,4.0,Leeds,1,0.035
F,Diaby,4.5,4.5,West Brom,0,0
D,Mbete,4.0,4.0,Man City,0,0
D,Harwood-Bellis,4.0,4.0,Man City,0,0
M,Chauke,4.4,4.4,Southampton,0,0
G,Lewis,4.0,4.0,Southampton,0,0
F,Cutrone,5.9,5.9,Wolves,0,0
M,Tau,4.9,4.9,Brighton,3,0.15
M,Moder,5.0,5.0,Brighton,59,2.187
D,Lonwijk,3.9,3.9,Wolves,0,0
M,Khadra,4.5,4.5,Brighton,0,0
M,Jenks,4.5,4.5,Brighton,1,0.04
M,Sanders,4.5,4.5,Brighton,0,0
M,Weir,4.5,4.5,Brighton,0,0
M,Ferry,4.5,4.5,Southampton,0,0
D,Tchaptchet,4.0,4.0,Southampton,0,0
M,Watts,4.5,4.5,Southampton,0,0
D,Alves,4.0,4.0,West Ham,0,0
F,Odubeko,4.5,4.5,West Ham,0,0
G,Lonergan,4.0,4.0,West Brom,0,0
M,Diallo,5.4,5.4,Man Utd,0,0
F,Mateta,5.4,5.4,Crystal Palace,4,0.211
F,Willian José,6.8,6.8,Wolves,43,1.688
M,Jankewitz,4.5,4.5,Southampton,0,0
M,Onyango,4.5,4.5,Everton,0,0
M,Ødegaard,5.7,5.7,Arsenal,0,0
D,Gordon,4.0,4.0,Sheffield Utd,0,0
M,Sanson,5.5,5.5,Aston Villa,10,0.441
F,Diagne,6.0,6.0,West Brom,69,2.719
D,Bueno,4.0,4.0,Wolves,0,0
M,Devine,4.4,4.4,Spurs,0,0
F,King,5.1,5.1,Everton,11,0.573
D,Kabak,5.0,5.0,Liverpool,75,3.553
D,Davies,4.7,4.7,Liverpool,0,0
M,Yokuslu,4.5,4.5,West Brom,79,2.038
M,Finnigan,4.5,4.5,Southampton,0,0
M,Ndiaye,4.5,4.5,Sheffield Utd,0,0
M,Brunt,4.5,4.5,Sheffield Utd,0,0
D,Nartey,4.0,4.0,Burnley,0,0
M,Gomes,4.5,4.5,Man City,0,0
D,Daley-Campbell,4.0,4.0,Leicester,0,0
M,Leshabela,4.4,4.4,Leicester,0,0
G,McGill,3.9,3.9,Brighton,0,0
D,Karbownik,4.5,4.5,Brighton,8,0.271
M,Caicedo,5.0,5.0,Brighton,1,0.041
F,Maja,5.1,5.1,Fulham,43,2.08
F,Scarlett,4.5,4.5,Spurs,0,0
F,Gelhardt,4.5,4.5,Leeds,0,0
